timestamp,data
2026-07-02T12:55:59.543777,Project Codename: ColorfulFlower v1.1
2026-07-02T12:55:59.552296,Authors: Bilel Ben Atitallah & Ahmed Yahia Kallel
2026-07-02T12:55:59.552296,"Starting DAC, TIM3, DMA"
2026-07-02T12:55:59.552296,Calibrating ADCs
2026-07-02T12:55:59.552296,"Starting ADC1/2, TIM2, DMA"
2026-07-02T12:55:59.552296,Forwarding to main loop...
2026-07-02T12:55:59.868579,"0, 733.68,-17.366,733.68,-17.366"
2026-07-02T12:55:59.869579,"1, 708.453,-23.599,708.453,-23.599"
2026-07-02T12:55:59.877579,"2, 657.433,-30.72,657.433,-30.72"
2026-07-02T12:55:59.879581,"3, 613.781,-37.442,613.781,-37.442"
2026-07-02T12:55:59.879581,"4, 575.222,-42.223,575.222,-42.223"
2026-07-02T12:55:59.879581,"5, 525.702,-45.280,525.702,-45.280"
2026-07-02T12:55:59.933586,"6, 487.185,-49.642,487.185,-49.642"
2026-07-02T12:55:59.933586,"7, 452.701,-53.96,452.701,-53.96"
2026-07-02T12:55:59.934587,"8, 419.988,-55.345,419.988,-55.345"
2026-07-02T12:55:59.984781,"9, 389.848,-57.879,389.848,-57.879"
2026-07-02T12:55:59.984781,"10, 344.403,-61.731,344.403,-61.731"
2026-07-02T12:55:59.984781,"11, 327.423,-62.318,327.423,-62.318"
2026-07-02T12:55:59.984781,"12, 294.867,-65.87,294.867,-65.87"
2026-07-02T12:55:59.985781,"13, 265.370,-67.41,265.370,-67.41"
2026-07-02T12:55:59.985781,"14, 236.387,-68.677,236.387,-68.677"
2026-07-02T12:56:00.194964,"0, 746.966,-17.244,733.82,-17.366"
2026-07-02T12:56:00.196963,"1, 713.227,-23.992,708.458,-23.599"
2026-07-02T12:56:00.207966,"2, 656.301,-30.859,657.432,-30.73"
2026-07-02T12:56:00.207966,"3, 609.775,-36.625,613.777,-37.441"
2026-07-02T12:56:00.207966,"4, 566.36,-42.345,575.213,-42.223"
2026-07-02T12:56:00.208963,"5, 526.249,-45.991,525.702,-45.281"
2026-07-02T12:56:00.208963,"6, 488.529,-50.237,487.187,-49.643"
2026-07-02T12:56:00.208963,"7, 451.822,-53.539,452.701,-53.96"
2026-07-02T12:56:00.208963,"8, 425.443,-55.848,419.993,-55.345"
2026-07-02T12:56:00.209963,"9, 390.140,-58.681,389.848,-57.880"
2026-07-02T12:56:00.262492,"10, 348.320,-61.901,344.407,-61.731"
2026-07-02T12:56:00.316488,"11, 327.663,-63.846,327.423,-62.320"
2026-07-02T12:56:00.316488,"12, 293.838,-65.924,294.866,-65.88"
2026-07-02T12:56:00.316488,"13, 267.662,-68.71,265.372,-67.42"
2026-07-02T12:56:00.316488,"14, 241.742,-70.404,236.393,-68.679"
2026-07-02T12:56:00.520903,"0, 740.474,-17.464,733.89,-17.366"
2026-07-02T12:56:00.521903,"1, 713.942,-24.150,708.463,-23.600"
2026-07-02T12:56:00.532906,"2, 659.599,-30.898,657.435,-30.74"
2026-07-02T12:56:00.532906,"3, 612.136,-37.79,613.775,-37.441"
2026-07-02T12:56:00.533907,"4, 566.634,-42.51,575.205,-42.223"
2026-07-02T12:56:00.533907,"5, 524.745,-45.303,525.701,-45.281"
2026-07-02T12:56:00.533907,"6, 488.904,-49.179,487.188,-49.643"
2026-07-02T12:56:00.533907,"7, 454.666,-52.821,452.703,-53.96"
2026-07-02T12:56:00.534907,"8, 422.48,-55.267,419.995,-55.345"
2026-07-02T12:56:00.534907,"9, 392.705,-57.730,389.851,-57.880"
2026-07-02T12:56:00.589422,"10, 347.904,-61.767,344.411,-61.731"
2026-07-02T12:56:00.642446,"11, 326.497,-63.264,327.422,-62.321"
2026-07-02T12:56:00.643446,"12, 296.520,-65.561,294.867,-65.89"
2026-07-02T12:56:00.643446,"13, 266.522,-67.669,265.373,-67.42"
2026-07-02T12:56:00.643446,"14, 239.798,-69.210,236.396,-68.680"
2026-07-02T12:56:00.849811,"0, 763.448,-23.198,733.120,-17.372"
2026-07-02T12:56:00.850818,"1, 795.574,-31.911,708.550,-23.608"
2026-07-02T12:56:00.860818,"2, 645.584,-31.986,657.423,-30.76"
2026-07-02T12:56:00.861822,"3, 592.125,-42.407,613.754,-37.446"
2026-07-02T12:56:00.861822,"4, 614.191,-52.235,575.244,-42.233"
2026-07-02T12:56:00.861822,"5, 641.379,-69.987,525.817,-45.306"
2026-07-02T12:56:00.862818,"6, 411.122,-64.175,487.112,-49.657"
2026-07-02T12:56:00.862818,"7, 498.120,-80.142,452.748,-53.123"
2026-07-02T12:56:00.862818,"8, 365.884,-77.898,419.941,-55.368"
2026-07-02T12:56:00.862818,"9, 388.425,-80.754,389.850,-57.903"
2026-07-02T12:56:00.915380,"10, 394.926,-93.490,344.461,-61.763"
2026-07-02T12:56:00.969911,"11, 299.296,-94.389,327.394,-62.353"
2026-07-02T12:56:00.969911,"12, 316.707,-99.0,294.889,-65.122"
2026-07-02T12:56:00.969911,"13, 281.789,-107.699,265.389,-67.83"
2026-07-02T12:56:00.969911,"14, 251.278,-105.398,236.411,-68.716"
2026-07-02T12:56:01.173476,"0, 753.134,-22.63,733.140,-17.376"
2026-07-02T12:56:01.174478,"1, 784.620,-30.914,708.626,-23.616"
2026-07-02T12:56:01.185476,"2, 641.536,-33.63,657.407,-30.79"
2026-07-02T12:56:01.185476,"3, 598.678,-43.387,613.739,-37.452"
2026-07-02T12:56:01.186475,"4, 611.561,-53.445,575.280,-42.244"
2026-07-02T12:56:01.186475,"5, 626.196,-70.10,525.917,-45.331"
2026-07-02T12:56:01.186475,"6, 416.527,-63.662,487.42,-49.671"
2026-07-02T12:56:01.187478,"7, 492.725,-79.146,452.788,-53.149"
2026-07-02T12:56:01.187478,"8, 371.739,-77.813,419.893,-55.390"
2026-07-02T12:56:01.187478,"9, 394.853,-80.361,389.855,-57.925"
2026-07-02T12:56:01.188478,"10, 398.167,-92.442,344.515,-61.794"
2026-07-02T12:56:01.296998,"11, 300.670,-95.276,327.367,-62.386"
2026-07-02T12:56:01.297997,"12, 322.505,-98.657,294.917,-65.156"
2026-07-02T12:56:01.297997,"13, 281.382,-108.778,265.405,-67.125"
2026-07-02T12:56:01.297997,"14, 253.753,-104.527,236.428,-68.752"
2026-07-02T12:56:01.577566,"0, 769.72,-19.953,733.175,-17.379"
2026-07-02T12:56:01.577566,"1, 691.567,-33.917,708.609,-23.626"
2026-07-02T12:56:01.685094,"2, 666.899,-41.804,657.416,-30.90"
2026-07-02T12:56:01.685094,"3, 605.976,-47.713,613.731,-37.462"
2026-07-02T12:56:01.685094,"4, 614.993,-50.709,575.320,-42.253"
2026-07-02T12:56:01.685094,"5, 481.346,-53.672,525.873,-45.339"
2026-07-02T12:56:01.686094,"6, 463.750,-63.197,487.18,-49.685"
2026-07-02T12:56:01.686094,"7, 478.539,-66.720,452.814,-53.163"
2026-07-02T12:56:01.687095,"8, 439.884,-69.782,419.913,-55.405"
2026-07-02T12:56:01.687095,"9, 395.12,-81.777,389.860,-57.949"
2026-07-02T12:56:01.687095,"10, 362.855,-76.91,344.533,-61.808"
2026-07-02T12:56:01.688095,"11, 347.727,-76.223,327.387,-62.400"
2026-07-02T12:56:01.688095,"12, 281.449,-93.985,294.903,-65.185"
2026-07-02T12:56:01.688095,"13, 285.905,-99.382,265.426,-67.157"
2026-07-02T12:56:01.728095,"14, 243.368,-102.905,236.435,-68.786"
2026-07-02T12:56:01.836627,"0, 740.371,-16.938,733.183,-17.379"
2026-07-02T12:56:01.837625,"1, 714.972,-24.680,708.616,-23.627"
2026-07-02T12:56:01.837625,"2, 660.168,-30.229,657.419,-30.91"
2026-07-02T12:56:01.842624,"3, 608.512,-35.672,613.726,-37.460"
2026-07-02T12:56:01.842624,"4, 565.389,-41.511,575.310,-42.252"
2026-07-02T12:56:01.842624,"5, 523.921,-44.871,525.871,-45.338"
2026-07-02T12:56:01.843623,"6, 486.162,-49.586,487.18,-49.685"
2026-07-02T12:56:01.843623,"7, 454.704,-52.574,452.816,-53.162"
2026-07-02T12:56:01.899889,"8, 422.705,-55.484,419.916,-55.405"
2026-07-02T12:56:01.899889,"9, 389.864,-57.540,389.860,-57.948"
2026-07-02T12:56:01.945411,"10, 344.989,-61.341,344.534,-61.807"
2026-07-02T12:56:01.945411,"11, 327.712,-63.102,327.388,-62.400"
2026-07-02T12:56:01.945411,"12, 298.766,-65.240,294.907,-65.185"
2026-07-02T12:56:02.006034,"13, 264.960,-67.484,265.425,-67.157"
2026-07-02T12:56:02.007034,"14, 240.533,-68.735,236.439,-68.786"
2026-07-02T12:56:02.158248,"0, 740.932,-17.350,733.190,-17.379"
2026-07-02T12:56:02.159248,"1, 705.495,-23.135,708.613,-23.626"
2026-07-02T12:56:02.168893,"2, 663.519,-30.743,657.425,-30.91"
2026-07-02T12:56:02.168893,"3, 616.494,-36.300,613.728,-37.459"
2026-07-02T12:56:02.168893,"4, 571.15,-42.362,575.305,-42.252"
2026-07-02T12:56:02.225893,"5, 527.120,-45.627,525.872,-45.339"
2026-07-02T12:56:02.225893,"6, 484.699,-49.587,487.15,-49.684"
2026-07-02T12:56:02.270424,"7, 451.781,-52.775,452.815,-53.162"
2026-07-02T12:56:02.270424,"8, 424.684,-55.543,419.921,-55.405"
2026-07-02T12:56:02.332419,"9, 391.395,-57.501,389.861,-57.948"
2026-07-02T12:56:02.332419,"10, 349.377,-61.397,344.539,-61.807"
2026-07-02T12:56:02.332419,"11, 328.717,-62.928,327.389,-62.401"
2026-07-02T12:56:02.333425,"12, 297.939,-65.29,294.910,-65.185"
2026-07-02T12:56:02.333425,"13, 264.352,-67.108,265.424,-67.157"
2026-07-02T12:56:02.333425,"14, 237.743,-70.141,236.441,-68.788"
2026-07-02T12:56:02.492401,"0, 748.272,-16.939,733.206,-17.378"
2026-07-02T12:56:02.497402,"1, 681.339,-35.498,708.585,-23.638"
2026-07-02T12:56:02.561609,"2, 627.773,-40.819,657.395,-30.102"
2026-07-02T12:56:02.561609,"3, 649.443,-43.634,613.764,-37.465"
2026-07-02T12:56:02.675128,"4, 536.894,-48.897,575.267,-42.259"
2026-07-02T12:56:02.675128,"5, 507.301,-61.47,525.854,-45.354"
2026-07-02T12:56:02.675128,"6, 558.19,-70.347,487.86,-49.705"
2026-07-02T12:56:02.794652,"7, 444.651,-81.255,452.806,-53.190"
2026-07-02T12:56:02.794652,"8, 581.755,-80.874,420.83,-55.430"
2026-07-02T12:56:02.794652,"9, 320.863,-75.869,389.792,-57.966"
2026-07-02T12:56:02.795653,"10, 313.835,-82.267,344.508,-61.827"
2026-07-02T12:56:02.795653,"11, 359.154,-84.796,327.421,-62.423"
2026-07-02T12:56:02.795653,"12, 316.360,-96.97,294.932,-65.216"
2026-07-02T12:56:02.795653,"13, 283.410,-106.858,265.442,-67.197"
2026-07-02T12:56:02.795653,"14, 256.448,-103.175,236.461,-68.822"
2026-07-02T12:56:02.902785,"0, 750.786,-17.848,733.223,-17.379"
2026-07-02T12:56:03.022320,"1, 686.692,-34.338,708.563,-23.649"
2026-07-02T12:56:03.023320,"2, 639.808,-41.93,657.378,-30.113"
2026-07-02T12:56:03.023320,"3, 637.597,-44.315,613.788,-37.472"
2026-07-02T12:56:03.023320,"4, 545.989,-49.304,575.238,-42.266"
2026-07-02T12:56:03.024322,"5, 511.61,-59.941,525.839,-45.369"
2026-07-02T12:56:03.024322,"6, 561.481,-68.934,487.161,-49.724"
2026-07-02T12:56:03.025323,"7, 454.565,-81.943,452.808,-53.219"
2026-07-02T12:56:03.025323,"8, 598.825,-79.953,420.261,-55.455"
2026-07-02T12:56:03.025323,"9, 314.891,-76.266,389.717,-57.984"
2026-07-02T12:56:03.025323,"10, 308.482,-83.174,344.472,-61.849"
2026-07-02T12:56:03.026322,"11, 356.743,-86.332,327.450,-62.447"
2026-07-02T12:56:03.134425,"12, 323.162,-97.354,294.960,-65.248"
2026-07-02T12:56:03.134425,"13, 274.186,-106.640,265.451,-67.236"
2026-07-02T12:56:03.135424,"14, 260.49,-104.927,236.484,-68.858"
2026-07-02T12:56:03.254471,"0, 735.393,-17.13,733.225,-17.378"
2026-07-02T12:56:03.254471,"1, 697.787,-23.197,708.553,-23.649"
2026-07-02T12:56:03.254471,"2, 651.589,-29.993,657.372,-30.113"
2026-07-02T12:56:03.255471,"3, 607.856,-36.281,613.782,-37.471"
2026-07-02T12:56:03.255471,"4, 575.683,-41.724,575.238,-42.265"
2026-07-02T12:56:03.255471,"5, 519.201,-45.782,525.832,-45.369"
2026-07-02T12:56:03.256471,"6, 489.518,-49.777,487.163,-49.724"
2026-07-02T12:56:03.256471,"7, 456.202,-52.809,452.812,-53.218"
2026-07-02T12:56:03.256471,"8, 417.333,-55.745,420.258,-55.455"
2026-07-02T12:56:03.365992,"9, 385.831,-57.420,389.714,-57.984"
2026-07-02T12:56:03.366997,"10, 347.821,-60.881,344.475,-61.848"
2026-07-02T12:56:03.366997,"11, 322.607,-63.717,327.445,-62.448"
2026-07-02T12:56:03.366997,"12, 291.815,-64.755,294.957,-65.247"
2026-07-02T12:56:03.527511,"13, 257.84,-67.890,265.443,-67.237"
2026-07-02T12:56:03.528514,"14, 231.898,-69.997,236.480,-68.859"
2026-07-02T12:56:03.584040,"0, 743.17,-17.741,733.235,-17.379"
2026-07-02T12:56:03.585035,"1, 705.376,-24.458,708.549,-23.649"
2026-07-02T12:56:03.585035,"2, 658.405,-32.106,657.373,-30.115"
2026-07-02T12:56:03.596038,"3, 610.218,-37.830,613.778,-37.471"
2026-07-02T12:56:03.597037,"4, 565.879,-43.760,575.229,-42.267"
2026-07-02T12:56:03.597037,"5, 525.334,-47.692,525.832,-45.372"
2026-07-02T12:56:03.597037,"6, 489.895,-52.39,487.166,-49.727"
2026-07-02T12:56:03.598040,"7, 453.240,-55.77,452.812,-53.220"
2026-07-02T12:56:03.598040,"8, 423.564,-57.472,420.262,-55.457"
2026-07-02T12:56:03.599038,"9, 390.874,-60.199,389.715,-57.986"
2026-07-02T12:56:03.599038,"10, 347.470,-64.547,344.478,-61.851"
2026-07-02T12:56:03.599038,"11, 325.181,-65.973,327.443,-62.452"
2026-07-02T12:56:03.600036,"12, 290.622,-69.151,294.952,-65.251"
2026-07-02T12:56:03.604040,"13, 261.477,-71.550,265.439,-67.241"
2026-07-02T12:56:03.604040,"14, 237.775,-72.964,236.481,-68.863"
2026-07-02T12:56:03.997835,"0, 743.473,-17.563,733.245,-17.379"
2026-07-02T12:56:03.998835,"1, 708.715,-25.215,708.550,-23.651"
2026-07-02T12:56:03.998835,"2, 660.411,-31.458,657.376,-30.116"
2026-07-02T12:56:04.123372,"3, 621.57,-38.30,613.786,-37.472"
2026-07-02T12:56:04.124378,"4, 563.80,-43.17,575.216,-42.267"
2026-07-02T12:56:04.124378,"5, 527.29,-47.665,525.833,-45.374"
2026-07-02T12:56:04.124378,"6, 491.775,-51.38,487.170,-49.728"
2026-07-02T12:56:04.125374,"7, 455.525,-54.524,452.815,-53.221"
2026-07-02T12:56:04.125374,"8, 425.823,-57.287,420.267,-55.459"
2026-07-02T12:56:04.125374,"9, 391.991,-59.785,389.717,-57.988"
2026-07-02T12:56:04.126373,"10, 346.732,-63.858,344.480,-61.853"
2026-07-02T12:56:04.126373,"11, 327.766,-65.280,327.443,-62.455"
2026-07-02T12:56:04.126373,"12, 293.356,-67.852,294.951,-65.254"
2026-07-02T12:56:04.127373,"13, 267.22,-70.961,265.440,-67.245"
2026-07-02T12:56:04.232959,"14, 239.805,-72.830,236.484,-68.867"
2026-07-02T12:56:04.356020,"0, 743.236,-17.558,733.255,-17.379"
2026-07-02T12:56:04.357020,"1, 709.91,-25.264,708.550,-23.653"
2026-07-02T12:56:04.357020,"2, 657.585,-30.229,657.376,-30.116"
2026-07-02T12:56:04.357020,"3, 606.548,-36.211,613.778,-37.470"
2026-07-02T12:56:04.358021,"4, 568.777,-42.130,575.210,-42.267"
2026-07-02T12:56:04.358021,"5, 525.695,-45.568,525.833,-45.374"
2026-07-02T12:56:04.359025,"6, 490.14,-49.477,487.173,-49.728"
2026-07-02T12:56:04.359025,"7, 451.850,-52.720,452.814,-53.221"
2026-07-02T12:56:04.360024,"8, 419.363,-55.166,420.266,-55.459"
2026-07-02T12:56:04.360024,"9, 388.700,-57.800,389.716,-57.987"
2026-07-02T12:56:04.360024,"10, 346.570,-61.450,344.483,-61.852"
2026-07-02T12:56:04.471544,"11, 325.617,-62.817,327.441,-62.455"
2026-07-02T12:56:04.471544,"12, 295.330,-64.714,294.951,-65.253"
2026-07-02T12:56:04.471544,"13, 265.303,-67.61,265.440,-67.245"
2026-07-02T12:56:04.589831,"14, 237.913,-69.269,236.486,-68.868"
2026-07-02T12:56:04.589831,"0, 736.624,-17.595,733.259,-17.379"
2026-07-02T12:56:04.590838,"1, 696.178,-25.529,708.538,-23.654"
2026-07-02T12:56:04.590838,"2, 658.60,-31.106,657.377,-30.117"
2026-07-02T12:56:04.591837,"3, 606.62,-37.581,613.771,-37.471"
2026-07-02T12:56:04.591837,"4, 565.988,-43.5,575.201,-42.268"
2026-07-02T12:56:04.591837,"5, 522.337,-46.336,525.829,-45.375"
2026-07-02T12:56:04.592832,"6, 486.711,-50.683,487.173,-49.729"
2026-07-02T12:56:04.592832,"7, 455.604,-54.235,452.816,-53.222"
2026-07-02T12:56:04.705354,"8, 421.137,-56.764,420.267,-55.460"
2026-07-02T12:56:04.706354,"9, 392.283,-59.82,389.719,-57.989"
2026-07-02T12:56:04.706354,"10, 347.909,-63.182,344.486,-61.853"
2026-07-02T12:56:04.757873,"11, 325.456,-64.897,327.439,-62.458"
2026-07-02T12:56:04.767874,"12, 291.852,-67.83,294.948,-65.255"
2026-07-02T12:56:04.768873,"13, 263.964,-68.902,265.439,-67.246"
2026-07-02T12:56:04.768873,"14, 236.271,-71.943,236.486,-68.871"
2026-07-02T12:56:04.984568,"0, 741.279,-17.308,733.267,-17.379"
2026-07-02T12:56:04.984568,"1, 692.18,-24.402,708.521,-23.655"
2026-07-02T12:56:04.985566,"2, 659.510,-30.815,657.379,-30.118"
2026-07-02T12:56:04.985566,"3, 613.670,-37.84,613.771,-37.470"
2026-07-02T12:56:05.108233,"4, 564.426,-42.181,575.190,-42.268"
2026-07-02T12:56:05.108233,"5, 524.516,-46.157,525.828,-45.376"
2026-07-02T12:56:05.108233,"6, 487.184,-50.16,487.173,-49.729"
2026-07-02T12:56:05.109236,"7, 454.70,-53.319,452.818,-53.222"
2026-07-02T12:56:05.109236,"8, 420.313,-56.23,420.267,-55.461"
2026-07-02T12:56:05.109236,"9, 390.711,-58.312,389.720,-57.989"
2026-07-02T12:56:05.109236,"10, 348.528,-62.351,344.490,-61.854"
2026-07-02T12:56:05.110231,"11, 326.60,-64.493,327.438,-62.460"
2026-07-02T12:56:05.110231,"12, 295.152,-66.228,294.948,-65.256"
2026-07-02T12:56:05.110231,"13, 264.486,-68.223,265.438,-67.247"
2026-07-02T12:56:05.111229,"14, 240.69,-70.561,236.489,-68.873"
2026-07-02T12:56:05.334078,"0, 742.124,-17.442,733.276,-17.379"
2026-07-02T12:56:05.335085,"1, 707.792,-23.542,708.520,-23.655"
2026-07-02T12:56:05.335085,"2, 661.587,-30.592,657.384,-30.118"
2026-07-02T12:56:05.336085,"3, 615.19,-36.321,613.772,-37.469"
2026-07-02T12:56:05.336085,"4, 571.611,-42.443,575.186,-42.268"
2026-07-02T12:56:05.337087,"5, 523.813,-45.737,525.826,-45.376"
2026-07-02T12:56:05.337087,"6, 489.901,-49.732,487.176,-49.729"
2026-07-02T12:56:05.338085,"7, 453.903,-52.896,452.819,-53.222"
2026-07-02T12:56:05.338085,"8, 422.893,-55.444,420.270,-55.461"
2026-07-02T12:56:05.338085,"9, 393.336,-58.15,389.723,-57.989"
2026-07-02T12:56:05.339085,"10, 348.612,-61.322,344.494,-61.853"
2026-07-02T12:56:05.446609,"11, 328.277,-63.43,327.439,-62.460"
2026-07-02T12:56:05.447609,"12, 298.708,-65.211,294.952,-65.256"
2026-07-02T12:56:05.447609,"13, 267.177,-66.886,265.440,-67.247"
2026-07-02T12:56:05.448608,"14, 238.683,-69.338,236.491,-68.873"
2026-07-02T12:56:05.718743,"0, 737.819,-17.994,733.280,-17.380"
2026-07-02T12:56:05.719743,"1, 699.711,-24.328,708.512,-23.656"
2026-07-02T12:56:05.719743,"2, 655.350,-32.314,657.382,-30.121"
2026-07-02T12:56:05.782960,"3, 611.176,-39.203,613.769,-37.471"
2026-07-02T12:56:05.783961,"4, 566.984,-43.889,575.178,-42.270"
2026-07-02T12:56:05.783961,"5, 525.77,-48.67,525.825,-45.379"
2026-07-02T12:56:05.783961,"6, 485.558,-52.261,487.174,-49.732"
2026-07-02T12:56:05.783961,"7, 452.251,-55.547,452.818,-53.224"
2026-07-02T12:56:05.784958,"8, 420.478,-58.435,420.270,-55.464"
2026-07-02T12:56:05.784958,"9, 389.52,-61.460,389.723,-57.992"
2026-07-02T12:56:05.784958,"10, 346.44,-65.226,344.496,-61.857"
2026-07-02T12:56:05.784958,"11, 322.634,-66.989,327.434,-62.465"
2026-07-02T12:56:05.784958,"12, 290.607,-69.833,294.948,-65.261"
2026-07-02T12:56:05.785958,"13, 263.8,-72.508,265.437,-67.252"
2026-07-02T12:56:05.785958,"14, 238.341,-74.297,236.493,-68.878"
2026-07-02T12:56:05.906995,"0, 740.150,-17.251,733.287,-17.380"
2026-07-02T12:56:05.907999,"1, 693.713,-24.565,708.497,-23.657"
2026-07-02T12:56:05.907999,"2, 656.203,-30.345,657.380,-30.121"
2026-07-02T12:56:05.908994,"3, 611.807,-36.584,613.767,-37.470"
2026-07-02T12:56:05.977312,"4, 560.739,-42.188,575.164,-42.270"
2026-07-02T12:56:05.978312,"5, 524.867,-45.481,525.824,-45.379"
2026-07-02T12:56:05.978312,"6, 490.261,-49.815,487.177,-49.732"
2026-07-02T12:56:05.978312,"7, 451.18,-53.222,452.816,-53.224"
2026-07-02T12:56:05.978312,"8, 418.640,-55.725,420.268,-55.464"
2026-07-02T12:56:05.979312,"9, 385.805,-57.700,389.719,-57.992"
2026-07-02T12:56:05.979312,"10, 345.283,-61.811,344.496,-61.857"
2026-07-02T12:56:05.979312,"11, 324.736,-63.158,327.431,-62.465"
2026-07-02T12:56:06.086836,"12, 293.551,-65.685,294.946,-65.261"
2026-07-02T12:56:06.086836,"13, 262.518,-67.823,265.434,-67.253"
2026-07-02T12:56:06.087834,"14, 234.433,-69.368,236.491,-68.879"
2026-07-02T12:56:06.307902,"0, 742.223,-18.206,733.296,-17.381"
2026-07-02T12:56:06.308907,"1, 693.739,-26.320,708.482,-23.659"
2026-07-02T12:56:06.308907,"2, 659.986,-32.550,657.383,-30.123"
2026-07-02T12:56:06.428985,"3, 608.652,-39.462,613.762,-37.472"
2026-07-02T12:56:06.429984,"4, 562.884,-44.87,575.151,-42.271"
2026-07-02T12:56:06.429984,"5, 523.403,-48.447,525.822,-45.382"
2026-07-02T12:56:06.429984,"6, 489.963,-52.494,487.180,-49.734"
2026-07-02T12:56:06.429984,"7, 453.586,-56.66,452.817,-53.227"
2026-07-02T12:56:06.430984,"8, 422.378,-58.542,420.271,-55.467"
2026-07-02T12:56:06.430984,"9, 393.351,-61.45,389.722,-57.995"
2026-07-02T12:56:06.430984,"10, 347.191,-65.737,344.499,-61.861"
2026-07-02T12:56:06.430984,"11, 325.534,-67.651,327.429,-62.471"
2026-07-02T12:56:06.431984,"12, 291.974,-69.991,294.943,-65.266"
2026-07-02T12:56:06.431984,"13, 265.297,-73.531,265.434,-67.259"
2026-07-02T12:56:06.530501,"14, 241.32,-74.799,236.496,-68.885"
2026-07-02T12:56:06.650646,"0, 737.645,-16.159,733.300,-17.379"
2026-07-02T12:56:06.651155,"1, 715.350,-24.69,708.489,-23.660"
2026-07-02T12:56:06.651155,"2, 657.768,-30.321,657.383,-30.123"
2026-07-02T12:56:06.652162,"3, 600.960,-36.166,613.749,-37.471"
2026-07-02T12:56:06.652162,"4, 564.18,-41.648,575.140,-42.271"
2026-07-02T12:56:06.652162,"5, 521.422,-45.281,525.817,-45.382"
2026-07-02T12:56:06.653161,"6, 485.774,-49.476,487.178,-49.734"
2026-07-02T12:56:06.653161,"7, 454.893,-52.396,452.819,-53.226"
2026-07-02T12:56:06.654164,"8, 419.910,-55.230,420.270,-55.467"
2026-07-02T12:56:06.654164,"9, 391.852,-57.713,389.724,-57.995"
2026-07-02T12:56:06.654164,"10, 346.194,-61.697,344.501,-61.860"
2026-07-02T12:56:06.759683,"11, 327.746,-62.996,327.430,-62.471"
2026-07-02T12:56:06.759683,"12, 297.49,-64.921,294.945,-65.265"
2026-07-02T12:56:06.759683,"13, 265.74,-67.91,265.434,-67.259"
2026-07-02T12:56:06.759683,"14, 237.187,-68.826,236.496,-68.885"
2026-07-02T12:56:06.959729,"0, 738.682,-17.52,733.306,-17.379"
2026-07-02T12:56:06.959729,"1, 706.280,-23.454,708.487,-23.659"
2026-07-02T12:56:07.069246,"2, 659.487,-30.131,657.386,-30.124"
2026-07-02T12:56:07.069246,"3, 609.177,-37.315,613.745,-37.470"
2026-07-02T12:56:07.070245,"4, 571.851,-42.136,575.137,-42.271"
2026-07-02T12:56:07.070245,"5, 528.161,-45.246,525.820,-45.382"
2026-07-02T12:56:07.071249,"6, 489.998,-49.696,487.181,-49.734"
2026-07-02T12:56:07.071249,"7, 454.524,-52.903,452.821,-53.226"
2026-07-02T12:56:07.071249,"8, 425.58,-55.158,420.275,-55.466"
2026-07-02T12:56:07.072245,"9, 390.33,-57.718,389.725,-57.995"
2026-07-02T12:56:07.072245,"10, 348.562,-61.549,344.505,-61.860"
2026-07-02T12:56:07.073245,"11, 329.600,-62.834,327.432,-62.472"
2026-07-02T12:56:07.073245,"12, 296.710,-65.199,294.947,-65.265"
2026-07-02T12:56:07.114246,"13, 265.746,-67.556,265.434,-67.259"
2026-07-02T12:56:07.115245,"14, 239.537,-68.668,236.499,-68.885"
2026-07-02T12:56:07.221765,"0, 744.131,-16.458,733.316,-17.378"
2026-07-02T12:56:07.221765,"1, 699.26,-24.289,708.477,-23.660"
2026-07-02T12:56:07.286284,"2, 665.91,-30.408,657.393,-30.124"
2026-07-02T12:56:07.287284,"3, 614.715,-35.780,613.746,-37.469"
2026-07-02T12:56:07.287284,"4, 556.2,-38.807,575.118,-42.267"
2026-07-02T12:56:07.287284,"5, 504.401,-42.119,525.798,-45.379"
2026-07-02T12:56:07.288284,"6, 507.489,-47.947,487.201,-49.732"
2026-07-02T12:56:07.288284,"7, 443.691,-49.94,452.812,-53.222"
2026-07-02T12:56:07.288284,"8, 444.951,-51.708,420.300,-55.463"
2026-07-02T12:56:07.289287,"9, 384.653,-54.182,389.720,-57.991"
2026-07-02T12:56:07.334284,"10, 332.650,-56.526,344.493,-61.855"
2026-07-02T12:56:07.335284,"11, 338.4,-57.913,327.443,-62.467"
2026-07-02T12:56:07.335284,"12, 293.785,-60.250,294.946,-65.260"
2026-07-02T12:56:07.336290,"13, 263.683,-61.199,265.432,-67.253"
2026-07-02T12:56:07.397812,"14, 238.319,-63.796,236.501,-68.879"
2026-07-02T12:56:07.541898,"0, 742.556,-16.264,733.326,-17.377"
2026-07-02T12:56:07.542896,"1, 702.101,-23.647,708.471,-23.660"
2026-07-02T12:56:07.553942,"2, 649.558,-30.156,657.385,-30.124"
2026-07-02T12:56:07.553942,"3, 605.826,-37.473,613.738,-37.469"
2026-07-02T12:56:07.554937,"4, 571.65,-41.802,575.114,-42.267"
2026-07-02T12:56:07.554937,"5, 526.973,-45.95,525.799,-45.378"
2026-07-02T12:56:07.555935,"6, 480.69,-48.6,487.194,-49.731"
2026-07-02T12:56:07.555935,"7, 460.478,-51.852,452.819,-53.220"
2026-07-02T12:56:07.666458,"8, 412.50,-55.543,420.291,-55.463"
2026-07-02T12:56:07.666458,"9, 398.854,-57.101,389.729,-57.990"
2026-07-02T12:56:07.667458,"10, 351.429,-60.520,344.500,-61.853"
2026-07-02T12:56:07.667458,"11, 316.228,-61.430,327.431,-62.466"
2026-07-02T12:56:07.667458,"12, 289.287,-64.123,294.940,-65.259"
2026-07-02T12:56:07.668461,"13, 268.121,-65.610,265.435,-67.252"
2026-07-02T12:56:07.668461,"14, 236.973,-66.861,236.502,-68.877"
2026-07-02T12:56:07.867502,"0, 740.11,-18.89,733.332,-17.378"
2026-07-02T12:56:07.873502,"1, 701.926,-26.500,708.464,-23.663"
2026-07-02T12:56:07.972033,"2, 657.804,-32.497,657.386,-30.126"
2026-07-02T12:56:08.080553,"3, 610.341,-38.481,613.735,-37.470"
2026-07-02T12:56:08.081553,"4, 570.501,-43.898,575.109,-42.268"
2026-07-02T12:56:08.081553,"5, 523.643,-48.474,525.797,-45.382"
2026-07-02T12:56:08.082552,"6, 489.321,-52.536,487.196,-49.733"
2026-07-02T12:56:08.082552,"7, 453.937,-56.176,452.821,-53.223"
2026-07-02T12:56:08.082552,"8, 423.186,-58.517,420.294,-55.466"
2026-07-02T12:56:08.083553,"9, 391.212,-60.945,389.730,-57.993"
2026-07-02T12:56:08.083553,"10, 347.321,-65.600,344.503,-61.857"
2026-07-02T12:56:08.083553,"11, 324.993,-67.548,327.429,-62.471"
2026-07-02T12:56:08.084553,"12, 290.219,-70.81,294.935,-65.264"
2026-07-02T12:56:08.084553,"13, 262.453,-72.966,265.432,-67.257"
2026-07-02T12:56:08.175076,"14, 241.677,-74.617,236.507,-68.883"
2026-07-02T12:56:08.280597,"0, 744.991,-17.572,733.344,-17.378"
2026-07-02T12:56:08.281592,"1, 704.883,-24.143,708.461,-23.663"
2026-07-02T12:56:08.281592,"2, 658.646,-31.145,657.387,-30.127"
2026-07-02T12:56:08.281592,"3, 606.904,-36.980,613.728,-37.469"
2026-07-02T12:56:08.282591,"4, 568.34,-43.99,575.102,-42.269"
2026-07-02T12:56:08.282591,"5, 523.550,-46.190,525.795,-45.382"
2026-07-02T12:56:08.283593,"6, 489.222,-50.746,487.199,-49.734"
2026-07-02T12:56:08.284596,"7, 455.961,-54.200,452.824,-53.224"
2026-07-02T12:56:08.382109,"8, 422.518,-56.776,420.297,-55.467"
2026-07-02T12:56:08.383115,"9, 389.677,-59.196,389.730,-57.994"
2026-07-02T12:56:08.383115,"10, 347.969,-62.896,344.506,-61.858"
2026-07-02T12:56:08.490409,"11, 324.738,-65.110,327.426,-62.474"
2026-07-02T12:56:08.490409,"12, 295.273,-67.537,294.936,-65.266"
2026-07-02T12:56:08.491415,"13, 263.345,-69.91,265.430,-67.259"
2026-07-02T12:56:08.491415,"14, 235.579,-71.757,236.506,-68.886"
2026-07-02T12:56:08.539528,"0, 728.236,-16.406,733.339,-17.377"
2026-07-02T12:56:08.650202,"1, 697.717,-22.634,708.450,-23.662"
2026-07-02T12:56:08.650202,"2, 647.884,-30.2,657.378,-30.127"
2026-07-02T12:56:08.650202,"3, 603.425,-36.23,613.717,-37.468"
2026-07-02T12:56:08.651201,"4, 575.574,-40.924,575.103,-42.268"
2026-07-02T12:56:08.651709,"5, 520.530,-44.529,525.790,-45.381"
2026-07-02T12:56:08.651709,"6, 481.816,-48.676,487.193,-49.733"
2026-07-02T12:56:08.651709,"7, 453.783,-52.594,452.825,-53.223"
2026-07-02T12:56:08.652719,"8, 422.776,-53.309,420.299,-55.465"
2026-07-02T12:56:08.652719,"9, 389.957,-56.189,389.730,-57.992"
2026-07-02T12:56:08.652719,"10, 343.636,-60.134,344.505,-61.857"
2026-07-02T12:56:08.652719,"11, 330.987,-61.24,327.430,-62.472"
2026-07-02T12:56:08.707717,"12, 296.49,-63.613,294.937,-65.265"
2026-07-02T12:56:08.761239,"13, 267.611,-66.90,265.432,-67.258"
2026-07-02T12:56:08.761239,"14, 236.251,-66.966,236.506,-68.884"
2026-07-02T12:56:08.961284,"0, 737.544,-17.406,733.343,-17.377"
2026-07-02T12:56:08.961284,"1, 700.917,-26.325,708.443,-23.665"
2026-07-02T12:56:09.027284,"2, 660.203,-32.244,657.380,-30.129"
2026-07-02T12:56:09.027284,"3, 614.869,-38.212,613.719,-37.469"
2026-07-02T12:56:09.028283,"4, 567.51,-44.275,575.95,-42.270"
2026-07-02T12:56:09.028283,"5, 522.89,-48.307,525.786,-45.384"
2026-07-02T12:56:09.028283,"6, 488.989,-52.467,487.195,-49.736"
2026-07-02T12:56:09.028283,"7, 456.419,-55.860,452.828,-53.226"
2026-07-02T12:56:09.029288,"8, 422.994,-58.426,420.302,-55.468"
2026-07-02T12:56:09.029288,"9, 393.46,-61.239,389.734,-57.996"
2026-07-02T12:56:09.029288,"10, 345.546,-65.838,344.506,-61.861"
2026-07-02T12:56:09.076813,"11, 325.121,-67.501,327.427,-62.477"
2026-07-02T12:56:09.076813,"12, 292.576,-70.238,294.935,-65.270"
2026-07-02T12:56:09.076813,"13, 264.687,-73.290,265.431,-67.264"
2026-07-02T12:56:09.087813,"14, 239.532,-74.479,236.509,-68.890"
2026-07-02T12:56:09.288466,"0, 734.149,-16.635,733.344,-17.376"
2026-07-02T12:56:09.289465,"1, 700.797,-23.735,708.435,-23.665"
2026-07-02T12:56:09.300470,"2, 651.834,-29.842,657.375,-30.129"
2026-07-02T12:56:09.300470,"3, 607.568,-37.111,613.712,-37.468"
2026-07-02T12:56:09.301470,"4, 570.391,-42.383,575.90,-42.270"
2026-07-02T12:56:09.301470,"5, 523.490,-45.438,525.784,-45.384"
2026-07-02T12:56:09.302466,"6, 481.717,-49.631,487.190,-49.736"
2026-07-02T12:56:09.302466,"7, 452.193,-53.356,452.828,-53.226"
2026-07-02T12:56:09.303467,"8, 417.710,-55.409,420.299,-55.468"
2026-07-02T12:56:09.303467,"9, 385.446,-57.850,389.729,-57.995"
2026-07-02T12:56:09.357985,"10, 341.234,-61.552,344.503,-61.860"
2026-07-02T12:56:09.412985,"11, 324.505,-62.692,327.425,-62.477"
2026-07-02T12:56:09.412985,"12, 293.172,-65.129,294.933,-65.269"
2026-07-02T12:56:09.412985,"13, 263.871,-67.377,265.430,-67.264"
2026-07-02T12:56:09.413985,"14, 235.74,-69.634,236.507,-68.890"
2026-07-02T12:56:09.612773,"0, 695.5,-21.194,733.305,-17.380"
2026-07-02T12:56:09.613772,"1, 722.345,-31.108,708.449,-23.673"
2026-07-02T12:56:09.624770,"2, 658.584,-30.322,657.376,-30.129"
2026-07-02T12:56:09.624770,"3, 562.226,-43.926,613.661,-37.475"
2026-07-02T12:56:09.625769,"4, 542.608,-52.229,575.57,-42.280"
2026-07-02T12:56:09.625769,"5, 541.883,-58.487,525.800,-45.398"
2026-07-02T12:56:09.625769,"6, 497.164,-60.372,487.199,-49.747"
2026-07-02T12:56:09.626803,"7, 440.498,-64.391,452.815,-53.237"
2026-07-02T12:56:09.626803,"8, 435.894,-68.750,420.315,-55.481"
2026-07-02T12:56:09.627809,"9, 444.425,-65.544,389.784,-58.3"
2026-07-02T12:56:09.680835,"10, 337.395,-81.64,344.496,-61.879"
2026-07-02T12:56:09.736835,"11, 361.137,-84.306,327.458,-62.499"
2026-07-02T12:56:09.736835,"12, 278.181,-88.642,294.916,-65.293"
2026-07-02T12:56:09.737847,"13, 287.647,-94.703,265.452,-67.292"
2026-07-02T12:56:09.737847,"14, 241.119,-99.113,236.512,-68.921"
2026-07-02T12:56:09.940397,"0, 738.884,-17.710,733.311,-17.380"
2026-07-02T12:56:09.941400,"1, 694.962,-25.767,708.435,-23.675"
2026-07-02T12:56:09.941400,"2, 657.783,-32.15,657.377,-30.131"
2026-07-02T12:56:09.952910,"3, 611.979,-38.898,613.659,-37.476"
2026-07-02T12:56:09.952910,"4, 565.65,-43.849,575.47,-42.282"
2026-07-02T12:56:09.953917,"5, 523.138,-47.751,525.797,-45.400"
2026-07-02T12:56:09.953917,"6, 489.481,-52.12,487.202,-49.749"
2026-07-02T12:56:09.954914,"7, 454.7,-55.205,452.816,-53.239"
2026-07-02T12:56:09.954914,"8, 422.278,-57.690,420.317,-55.483"
2026-07-02T12:56:09.954914,"9, 390.379,-60.178,389.785,-58.5"
2026-07-02T12:56:09.955910,"10, 345.336,-65.99,344.497,-61.883"
2026-07-02T12:56:10.013909,"11, 324.809,-66.70,327.456,-62.503"
2026-07-02T12:56:10.128430,"12, 292.896,-68.721,294.914,-65.296"
2026-07-02T12:56:10.128430,"13, 264.111,-71.69,265.450,-67.295"
2026-07-02T12:56:10.128430,"14, 236.957,-72.983,236.512,-68.925"
2026-07-02T12:56:10.383641,"0, 748.6,-15.751,733.326,-17.379"
2026-07-02T12:56:10.384640,"1, 681.841,-33.467,708.409,-23.684"
2026-07-02T12:56:10.384640,"2, 624.509,-38.676,657.344,-30.140"
2026-07-02T12:56:10.496167,"3, 639.334,-41.3,613.685,-37.480"
2026-07-02T12:56:10.497165,"4, 533.378,-46.550,575.6,-42.286"
2026-07-02T12:56:10.497165,"5, 516.153,-58.683,525.788,-45.413"
2026-07-02T12:56:10.498165,"6, 544.110,-65.665,487.259,-49.765"
2026-07-02T12:56:10.498165,"7, 435.547,-73.413,452.799,-53.260"
2026-07-02T12:56:10.498165,"8, 536.989,-73.102,420.433,-55.501"
2026-07-02T12:56:10.499166,"9, 329.14,-70.190,389.724,-58.17"
2026-07-02T12:56:10.499166,"10, 317.344,-75.54,344.470,-61.896"
2026-07-02T12:56:10.500166,"11, 345.678,-77.869,327.474,-62.518"
2026-07-02T12:56:10.500166,"12, 316.315,-85.977,294.935,-65.317"
2026-07-02T12:56:10.542173,"13, 278.615,-93.779,265.464,-67.322"
2026-07-02T12:56:10.599250,"14, 250.77,-92.256,236.526,-68.948"
2026-07-02T12:56:10.713360,"0, 736.689,-17.82,733.329,-17.378"
2026-07-02T12:56:10.713360,"1, 691.76,-25.559,708.391,-23.686"
2026-07-02T12:56:10.714359,"2, 658.190,-32.372,657.345,-30.142"
2026-07-02T12:56:10.714359,"3, 615.166,-38.743,613.686,-37.481"
2026-07-02T12:56:10.715359,"4, 560.884,-43.629,574.992,-42.287"
2026-07-02T12:56:10.715359,"5, 523.153,-48.406,525.785,-45.416"
2026-07-02T12:56:10.716360,"6, 486.222,-52.318,487.258,-49.767"
2026-07-02T12:56:10.716360,"7, 450.913,-55.675,452.797,-53.262"
2026-07-02T12:56:10.716360,"8, 419.526,-58.508,420.432,-55.504"
2026-07-02T12:56:10.717360,"9, 389.870,-60.662,389.724,-58.20"
2026-07-02T12:56:10.823398,"10, 344.717,-65.504,344.470,-61.899"
2026-07-02T12:56:10.824398,"11, 323.698,-66.803,327.470,-62.522"
2026-07-02T12:56:10.824398,"12, 293.45,-69.686,294.934,-65.321"
2026-07-02T12:56:10.825394,"13, 262.5,-72.322,265.460,-67.327"
2026-07-02T12:56:10.933921,"14, 237.411,-74.574,236.527,-68.954"
2026-07-02T12:56:11.041449,"0, 739.202,-16.834,733.335,-17.378"
2026-07-02T12:56:11.041449,"1, 718.371,-25.16,708.401,-23.688"
2026-07-02T12:56:11.042448,"2, 663.84,-30.537,657.350,-30.142"
2026-07-02T12:56:11.156484,"3, 608.627,-35.865,613.681,-37.479"
2026-07-02T12:56:11.156484,"4, 565.327,-41.685,574.982,-42.287"
2026-07-02T12:56:11.157488,"5, 523.961,-45.302,525.783,-45.416"
2026-07-02T12:56:11.157488,"6, 482.170,-49.782,487.253,-49.767"
2026-07-02T12:56:11.157488,"7, 452.214,-53.248,452.797,-53.262"
2026-07-02T12:56:11.158489,"8, 418.48,-55.480,420.430,-55.504"
2026-07-02T12:56:11.158489,"9, 387.218,-57.901,389.722,-58.20"
2026-07-02T12:56:11.158489,"10, 342.998,-61.452,344.469,-61.899"
2026-07-02T12:56:11.159485,"11, 324.407,-63.81,327.467,-62.523"
2026-07-02T12:56:11.159485,"12, 295.660,-65.813,294.934,-65.322"
2026-07-02T12:56:11.159485,"13, 261.851,-67.627,265.457,-67.327"
2026-07-02T12:56:11.160485,"14, 235.731,-69.749,236.526,-68.955"
2026-07-02T12:56:11.372042,"0, 744.734,-17.218,733.346,-17.378"
2026-07-02T12:56:11.373041,"1, 697.515,-24.44,708.391,-23.688"
2026-07-02T12:56:11.373041,"2, 660.574,-31.499,657.354,-30.144"
2026-07-02T12:56:11.374042,"3, 606.79,-37.941,613.674,-37.480"
2026-07-02T12:56:11.374042,"4, 571.66,-42.459,574.978,-42.287"
2026-07-02T12:56:11.375045,"5, 524.935,-46.966,525.782,-45.418"
2026-07-02T12:56:11.376042,"6, 490.900,-50.234,487.256,-49.768"
2026-07-02T12:56:11.376042,"7, 455.666,-54.39,452.800,-53.263"
2026-07-02T12:56:11.376042,"8, 421.167,-56.622,420.431,-55.505"
2026-07-02T12:56:11.377041,"9, 386.968,-59.369,389.719,-58.21"
2026-07-02T12:56:11.377041,"10, 343.964,-63.269,344.468,-61.900"
2026-07-02T12:56:11.479566,"11, 325.977,-64.595,327.465,-62.525"
2026-07-02T12:56:11.479566,"12, 294.521,-67.420,294.934,-65.324"
2026-07-02T12:56:11.589085,"13, 264.853,-69.487,265.456,-67.329"
2026-07-02T12:56:11.589085,"14, 233.927,-71.685,236.523,-68.957"
2026-07-02T12:56:11.693603,"0, 743.731,-16.892,733.357,-17.377"
2026-07-02T12:56:11.694603,"1, 692.213,-23.583,708.374,-23.688"
2026-07-02T12:56:11.694603,"2, 650.245,-30.267,657.346,-30.144"
2026-07-02T12:56:11.811354,"3, 596.82,-35.796,613.656,-37.478"
2026-07-02T12:56:11.811354,"4, 564.962,-42.195,574.968,-42.287"
2026-07-02T12:56:11.812355,"5, 531.108,-44.939,525.788,-45.417"
2026-07-02T12:56:11.812355,"6, 483.847,-48.414,487.253,-49.766"
2026-07-02T12:56:11.812355,"7, 457.969,-51.870,452.805,-53.261"
2026-07-02T12:56:11.813354,"8, 411.652,-55.79,420.422,-55.505"
2026-07-02T12:56:11.813354,"9, 397.719,-57.356,389.727,-58.20"
2026-07-02T12:56:11.814354,"10, 345.62,-61.113,344.469,-61.900"
2026-07-02T12:56:11.814354,"11, 322.65,-62.322,327.460,-62.525"
2026-07-02T12:56:11.814354,"12, 292.976,-64.734,294.932,-65.323"
2026-07-02T12:56:11.815356,"13, 264.744,-65.713,265.455,-67.328"
2026-07-02T12:56:11.912241,"14, 239.887,-68.917,236.527,-68.957"
2026-07-02T12:56:12.028763,"0, 738.700,-16.890,733.362,-17.377"
2026-07-02T12:56:12.029763,"1, 713.173,-25.81,708.379,-23.689"
2026-07-02T12:56:12.029763,"2, 657.766,-30.565,657.347,-30.144"
2026-07-02T12:56:12.030764,"3, 615.621,-36.385,613.658,-37.477"
2026-07-02T12:56:12.030764,"4, 569.683,-41.917,574.963,-42.286"
2026-07-02T12:56:12.031763,"5, 524.860,-45.268,525.787,-45.417"
2026-07-02T12:56:12.031763,"6, 489.535,-49.327,487.255,-49.766"
2026-07-02T12:56:12.031763,"7, 454.210,-52.967,452.806,-53.261"
2026-07-02T12:56:12.032762,"8, 423.310,-55.511,420.425,-55.505"
2026-07-02T12:56:12.032762,"9, 389.997,-57.301,389.727,-58.20"
2026-07-02T12:56:12.032762,"10, 346.590,-61.278,344.471,-61.899"
2026-07-02T12:56:12.033768,"11, 326.681,-63.70,327.459,-62.525"
2026-07-02T12:56:12.136245,"12, 295.236,-65.452,294.932,-65.323"
2026-07-02T12:56:12.136245,"13, 264.39,-67.30,265.454,-67.327"
2026-07-02T12:56:12.137247,"14, 237.145,-68.655,236.527,-68.957"
2026-07-02T12:56:12.398253,"0, 742.920,-16.847,733.372,-17.376"
2026-07-02T12:56:12.399252,"1, 699.361,-21.989,708.370,-23.688"
2026-07-02T12:56:12.399252,"2, 657.913,-28.788,657.347,-30.143"
2026-07-02T12:56:12.456781,"3, 604.563,-34.99,613.649,-37.474"
2026-07-02T12:56:12.457785,"4, 570.956,-39.726,574.959,-42.284"
2026-07-02T12:56:12.457785,"5, 526.234,-42.856,525.787,-45.414"
2026-07-02T12:56:12.457785,"6, 479.871,-46.554,487.248,-49.763"
2026-07-02T12:56:12.458787,"7, 447.672,-47.204,452.801,-53.255"
2026-07-02T12:56:12.458787,"8, 402.221,-50.809,420.407,-55.500"
2026-07-02T12:56:12.459782,"9, 414.483,-53.226,389.752,-58.15"
2026-07-02T12:56:12.459782,"10, 354.454,-56.756,344.481,-61.894"
2026-07-02T12:56:12.459782,"11, 330.695,-57.288,327.463,-62.520"
2026-07-02T12:56:12.460781,"12, 286.436,-58.586,294.924,-65.317"
2026-07-02T12:56:12.460781,"13, 267.51,-59.284,265.455,-67.319"
2026-07-02T12:56:12.466752,"14, 234.332,-61.905,236.525,-68.950"
2026-07-02T12:56:12.584894,"0, 724.849,-16.259,733.363,-17.375"
2026-07-02T12:56:12.595896,"1, 712.544,-23.996,708.374,-23.688"
2026-07-02T12:56:12.595896,"2, 642.648,-28.532,657.333,-30.141"
2026-07-02T12:56:12.596897,"3, 605.773,-35.630,613.641,-37.472"
2026-07-02T12:56:12.596897,"4, 570.501,-38.717,574.954,-42.280"
2026-07-02T12:56:12.597898,"5, 514.823,-41.850,525.776,-45.411"
2026-07-02T12:56:12.597898,"6, 475.9,-44.409,487.236,-49.757"
2026-07-02T12:56:12.598894,"7, 467.660,-49.287,452.816,-53.251"
2026-07-02T12:56:12.598894,"8, 420.88,-51.702,420.406,-55.496"
2026-07-02T12:56:12.770786,"9, 395.217,-52.159,389.757,-58.9"
2026-07-02T12:56:12.771783,"10, 348.176,-54.802,344.485,-61.887"
2026-07-02T12:56:12.771783,"11, 324.24,-56.10,327.459,-62.514"
2026-07-02T12:56:12.771783,"12, 284.809,-58.83,294.914,-65.309"
2026-07-02T12:56:12.772783,"13, 271.914,-61.443,265.462,-67.313"
2026-07-02T12:56:12.772783,"14, 235.436,-61.864,236.524,-68.943"
2026-07-02T12:56:12.923366,"0, 749.397,-17.562,733.379,-17.375"
2026-07-02T12:56:12.991888,"1, 692.8,-25.633,708.358,-23.690"
2026-07-02T12:56:12.992888,"2, 659.7,-32.149,657.334,-30.143"
2026-07-02T12:56:12.992888,"3, 609.906,-38.646,613.638,-37.473"
2026-07-02T12:56:12.993887,"4, 561.889,-43.463,574.941,-42.281"
2026-07-02T12:56:12.993887,"5, 523.87,-47.527,525.774,-45.413"
2026-07-02T12:56:12.993887,"6, 489.43,-51.843,487.237,-49.760"
2026-07-02T12:56:12.994887,"7, 455.730,-54.899,452.819,-53.253"
2026-07-02T12:56:12.994887,"8, 424.678,-57.440,420.411,-55.498"
2026-07-02T12:56:13.099273,"9, 393.600,-59.633,389.761,-58.11"
2026-07-02T12:56:13.100277,"10, 349.231,-64.610,344.489,-61.889"
2026-07-02T12:56:13.101275,"11, 326.971,-65.926,327.459,-62.517"
2026-07-02T12:56:13.101275,"12, 294.5,-68.129,294.913,-65.312"
2026-07-02T12:56:13.212797,"13, 266.320,-71.33,265.463,-67.317"
2026-07-02T12:56:13.212797,"14, 242.53,-72.211,236.530,-68.946"
2026-07-02T12:56:13.315951,"0, 746.687,-17.403,733.393,-17.375"
2026-07-02T12:56:13.315951,"1, 693.375,-23.966,708.343,-23.690"
2026-07-02T12:56:13.432280,"2, 657.682,-30.96,657.335,-30.143"
2026-07-02T12:56:13.432280,"3, 608.0,-36.198,613.632,-37.472"
2026-07-02T12:56:13.433280,"4, 570.584,-41.488,574.937,-42.281"
2026-07-02T12:56:13.433280,"5, 528.876,-45.513,525.777,-45.413"
2026-07-02T12:56:13.434280,"6, 490.949,-49.369,487.241,-49.759"
2026-07-02T12:56:13.434280,"7, 454.846,-52.550,452.821,-53.252"
2026-07-02T12:56:13.435280,"8, 421.695,-55.565,420.412,-55.498"
2026-07-02T12:56:13.435280,"9, 390.383,-57.803,389.762,-58.11"
2026-07-02T12:56:13.435280,"10, 349.708,-61.714,344.494,-61.889"
2026-07-02T12:56:13.436280,"11, 326.963,-62.930,327.458,-62.518"
2026-07-02T12:56:13.437280,"12, 296.113,-65.310,294.914,-65.312"
2026-07-02T12:56:13.534800,"13, 267.207,-67.29,265.465,-67.317"
2026-07-02T12:56:13.534800,"14, 243.507,-68.533,236.537,-68.946"
2026-07-02T12:56:13.643326,"0, 737.594,-17.135,733.397,-17.375"
2026-07-02T12:56:13.644326,"1, 713.459,-24.251,708.348,-23.691"
2026-07-02T12:56:13.645326,"2, 660.979,-30.588,657.338,-30.144"
2026-07-02T12:56:13.645326,"3, 603.883,-36.692,613.622,-37.471"
2026-07-02T12:56:13.693845,"4, 562.276,-42.212,574.924,-42.280"
2026-07-02T12:56:13.694845,"5, 523.523,-45.917,525.774,-45.414"
2026-07-02T12:56:13.694845,"6, 487.558,-50.377,487.241,-49.760"
2026-07-02T12:56:13.760367,"7, 452.496,-53.210,452.820,-53.252"
2026-07-02T12:56:13.760367,"8, 420.676,-55.669,420.412,-55.498"
2026-07-02T12:56:13.761366,"9, 394.323,-58.699,389.766,-58.11"
2026-07-02T12:56:13.761366,"10, 345.873,-62.449,344.496,-61.890"
2026-07-02T12:56:13.762369,"11, 327.600,-63.530,327.458,-62.519"
2026-07-02T12:56:13.762369,"12, 296.175,-66.399,294.915,-65.313"
2026-07-02T12:56:13.762369,"13, 263.862,-68.448,265.463,-67.318"
2026-07-02T12:56:13.763368,"14, 240.315,-69.958,236.540,-68.947"
2026-07-02T12:56:13.976447,"0, 744.852,-17.69,733.408,-17.375"
2026-07-02T12:56:13.977446,"1, 705.42,-25.150,708.345,-23.692"
2026-07-02T12:56:14.079543,"2, 662.428,-30.488,657.343,-30.144"
2026-07-02T12:56:14.080542,"3, 604.682,-37.102,613.613,-37.470"
2026-07-02T12:56:14.080542,"4, 572.155,-42.140,574.921,-42.280"
2026-07-02T12:56:14.188068,"5, 526.964,-45.314,525.776,-45.413"
2026-07-02T12:56:14.189068,"6, 489.509,-49.813,487.244,-49.760"
2026-07-02T12:56:14.189068,"7, 456.115,-52.647,452.824,-53.251"
2026-07-02T12:56:14.190068,"8, 425.379,-55.381,420.417,-55.498"
2026-07-02T12:56:14.190068,"9, 392.83,-57.789,389.769,-58.11"
2026-07-02T12:56:14.190068,"10, 348.181,-61.688,344.500,-61.890"
2026-07-02T12:56:14.191068,"11, 325.576,-63.31,327.456,-62.519"
2026-07-02T12:56:14.191068,"12, 294.320,-65.350,294.915,-65.313"
2026-07-02T12:56:14.192068,"13, 264.410,-67.353,265.462,-67.318"
2026-07-02T12:56:14.192068,"14, 238.247,-69.833,236.542,-68.948"
2026-07-02T12:56:14.401070,"0, 738.513,-16.833,733.413,-17.374"
2026-07-02T12:56:14.402070,"1, 692.957,-23.498,708.329,-23.692"
2026-07-02T12:56:14.403069,"2, 663.950,-31.240,657.350,-30.145"
2026-07-02T12:56:14.458590,"3, 606.536,-35.171,613.606,-37.468"
2026-07-02T12:56:14.458590,"4, 568.272,-40.786,574.915,-42.279"
2026-07-02T12:56:14.459592,"5, 520.969,-43.590,525.771,-45.412"
2026-07-02T12:56:14.459592,"6, 496.303,-49.601,487.253,-49.760"
2026-07-02T12:56:14.460592,"7, 449.183,-51.699,452.820,-53.250"
2026-07-02T12:56:14.460592,"8, 424.741,-54.299,420.422,-55.497"
2026-07-02T12:56:14.461590,"9, 387.191,-56.735,389.766,-58.10"
2026-07-02T12:56:14.461590,"10, 342.631,-61.75,344.498,-61.889"
2026-07-02T12:56:14.462591,"11, 320.598,-61.851,327.450,-62.518"
2026-07-02T12:56:14.463591,"12, 297.428,-64.417,294.917,-65.312"
2026-07-02T12:56:14.563112,"13, 257.752,-65.698,265.454,-67.316"
2026-07-02T12:56:14.672640,"14, 247.524,-66.824,236.553,-68.945"
2026-07-02T12:56:14.672640,"0, 740.453,-16.777,733.420,-17.374"
2026-07-02T12:56:14.673640,"1, 693.144,-24.877,708.314,-23.693"
2026-07-02T12:56:14.674641,"2, 662.55,-32.104,657.355,-30.147"
2026-07-02T12:56:14.674641,"3, 614.953,-38.600,613.607,-37.469"
2026-07-02T12:56:14.674641,"4, 564.859,-42.785,574.905,-42.279"
2026-07-02T12:56:14.675640,"5, 527.37,-47.594,525.772,-45.414"
2026-07-02T12:56:14.675640,"6, 490.809,-51.296,487.256,-49.761"
2026-07-02T12:56:14.675640,"7, 453.745,-54.573,452.821,-53.251"
2026-07-02T12:56:14.676640,"8, 425.901,-57.148,420.427,-55.499"
2026-07-02T12:56:14.721642,"9, 392.766,-59.719,389.769,-58.11"
2026-07-02T12:56:14.776164,"10, 348.897,-64.310,344.502,-61.891"
2026-07-02T12:56:14.776164,"11, 326.231,-65.574,327.448,-62.521"
2026-07-02T12:56:14.776164,"12, 293.460,-68.67,294.916,-65.315"
2026-07-02T12:56:14.880686,"13, 265.967,-70.786,265.455,-67.320"
2026-07-02T12:56:14.880686,"14, 239.779,-72.316,236.556,-68.949"
2026-07-02T12:56:15.081154,"0, 744.453,-17.443,733.432,-17.374"
2026-07-02T12:56:15.082154,"1, 708.676,-24.530,708.315,-23.694"
2026-07-02T12:56:15.082154,"2, 657.682,-31.947,657.355,-30.149"
2026-07-02T12:56:15.082154,"3, 609.786,-37.368,613.604,-37.469"
2026-07-02T12:56:15.083155,"4, 565.357,-43.721,574.895,-42.281"
2026-07-02T12:56:15.083155,"5, 524.994,-47.552,525.771,-45.416"
2026-07-02T12:56:15.084154,"6, 491.128,-51.688,487.260,-49.763"
2026-07-02T12:56:15.084154,"7, 454.715,-54.791,452.823,-53.253"
2026-07-02T12:56:15.085154,"8, 422.403,-57.439,420.429,-55.501"
2026-07-02T12:56:15.085154,"9, 391.832,-59.686,389.771,-58.13"
2026-07-02T12:56:15.185674,"10, 346.853,-64.202,344.504,-61.894"
2026-07-02T12:56:15.186673,"11, 325.203,-65.673,327.446,-62.525"
2026-07-02T12:56:15.186673,"12, 292.835,-68.406,294.914,-65.318"
2026-07-02T12:56:15.289040,"13, 265.420,-70.934,265.455,-67.324"
2026-07-02T12:56:15.290038,"14, 238.732,-72.559,236.558,-68.952"
2026-07-02T12:56:15.389569,"0, 741.383,-17.920,733.440,-17.374"
2026-07-02T12:56:15.390575,"1, 692.18,-25.409,708.298,-23.696"
2026-07-02T12:56:15.500090,"2, 659.356,-32.735,657.357,-30.151"
2026-07-02T12:56:15.501090,"3, 615.568,-38.726,613.606,-37.470"
2026-07-02T12:56:15.501090,"4, 564.954,-43.819,574.885,-42.282"
2026-07-02T12:56:15.502090,"5, 524.485,-48.625,525.770,-45.419"
2026-07-02T12:56:15.502090,"6, 491.378,-52.716,487.264,-49.766"
2026-07-02T12:56:15.503090,"7, 453.592,-55.991,452.824,-53.255"
2026-07-02T12:56:15.503090,"8, 421.805,-58.618,420.430,-55.504"
2026-07-02T12:56:15.503090,"9, 389.691,-61.102,389.771,-58.16"
2026-07-02T12:56:15.504090,"10, 347.50,-65.710,344.507,-61.897"
2026-07-02T12:56:15.504090,"11, 325.53,-67.177,327.444,-62.529"
2026-07-02T12:56:15.505090,"12, 290.471,-70.261,294.909,-65.323"
2026-07-02T12:56:15.505090,"13, 262.37,-73.183,265.451,-67.329"
2026-07-02T12:56:15.543101,"14, 239.868,-75.360,236.562,-68.959"
2026-07-02T12:56:15.653632,"0, 745.246,-17.443,733.451,-17.374"
2026-07-02T12:56:15.654639,"1, 702.967,-25.642,708.293,-23.698"
2026-07-02T12:56:15.654639,"2, 663.908,-30.728,657.364,-30.152"
2026-07-02T12:56:15.721861,"3, 604.601,-37.493,613.597,-37.470"
2026-07-02T12:56:15.722861,"4, 572.93,-42.622,574.882,-42.283"
2026-07-02T12:56:15.722861,"5, 523.343,-45.855,525.768,-45.420"
2026-07-02T12:56:15.722861,"6, 488.537,-50.118,487.265,-49.766"
2026-07-02T12:56:15.723861,"7, 453.643,-53.467,452.825,-53.256"
2026-07-02T12:56:15.723861,"8, 421.428,-55.922,420.431,-55.504"
2026-07-02T12:56:15.724865,"9, 388.712,-58.650,389.770,-58.17"
2026-07-02T12:56:15.724865,"10, 348.204,-62.835,344.511,-61.898"
2026-07-02T12:56:15.771386,"11, 325.81,-63.666,327.441,-62.530"
2026-07-02T12:56:15.772384,"12, 294.109,-66.209,294.908,-65.324"
2026-07-02T12:56:15.772384,"13, 264.817,-68.295,265.451,-67.330"
2026-07-02T12:56:15.834385,"14, 239.50,-70.227,236.564,-68.960"
2026-07-02T12:56:15.980158,"0, 740.724,-17.369,733.459,-17.374"
2026-07-02T12:56:15.980158,"1, 707.877,-25.277,708.292,-23.699"
2026-07-02T12:56:16.045162,"2, 662.720,-30.256,657.369,-30.152"
2026-07-02T12:56:16.046168,"3, 606.678,-37.133,613.590,-37.470"
2026-07-02T12:56:16.046168,"4, 571.254,-41.768,574.879,-42.282"
2026-07-02T12:56:16.047163,"5, 523.414,-45.327,525.765,-45.420"
2026-07-02T12:56:16.047163,"6, 491.544,-49.649,487.270,-49.766"
2026-07-02T12:56:16.048163,"7, 453.262,-52.826,452.825,-53.255"
2026-07-02T12:56:16.048163,"8, 422.300,-55.493,420.433,-55.504"
2026-07-02T12:56:16.049162,"9, 389.746,-57.587,389.770,-58.16"
2026-07-02T12:56:16.094678,"10, 346.124,-61.259,344.512,-61.898"
2026-07-02T12:56:16.095679,"11, 326.225,-63.144,327.440,-62.531"
2026-07-02T12:56:16.095679,"12, 297.686,-65.15,294.911,-65.324"
2026-07-02T12:56:16.096684,"13, 264.667,-67.475,265.450,-67.331"
2026-07-02T12:56:16.159411,"14, 240.917,-69.226,236.569,-68.960"
2026-07-02T12:56:16.306453,"0, 741.672,-16.773,733.467,-17.374"
2026-07-02T12:56:16.307453,"1, 695.78,-24.699,708.279,-23.700"
2026-07-02T12:56:16.370973,"2, 657.712,-30.40,657.369,-30.152"
2026-07-02T12:56:16.371973,"3, 616.116,-36.287,613.592,-37.469"
2026-07-02T12:56:16.371973,"4, 565.49,-42.335,574.869,-42.282"
2026-07-02T12:56:16.372973,"5, 524.964,-45.124,525.764,-45.419"
2026-07-02T12:56:16.372973,"6, 493.369,-49.623,487.276,-49.766"
2026-07-02T12:56:16.373973,"7, 457.126,-52.915,452.829,-53.255"
2026-07-02T12:56:16.373973,"8, 421.714,-55.176,420.435,-55.504"
2026-07-02T12:56:16.374979,"9, 389.733,-57.788,389.770,-58.16"
2026-07-02T12:56:16.374979,"10, 344.778,-61.930,344.513,-61.898"
2026-07-02T12:56:16.422973,"11, 326.53,-62.786,327.439,-62.531"
2026-07-02T12:56:16.422973,"12, 294.550,-65.458,294.911,-65.324"
2026-07-02T12:56:16.423973,"13, 264.670,-67.153,265.449,-67.330"
2026-07-02T12:56:16.486493,"14, 235.195,-68.333,236.567,-68.960"
2026-07-02T12:56:16.630033,"0, 758.507,-23.448,733.492,-17.380"
2026-07-02T12:56:16.642041,"1, 668.197,-31.60,708.239,-23.708"
2026-07-02T12:56:16.643041,"2, 654.251,-39.39,657.366,-30.161"
2026-07-02T12:56:16.643041,"3, 650.595,-45.870,613.629,-37.477"
2026-07-02T12:56:16.644039,"4, 570.867,-53.899,574.865,-42.294"
2026-07-02T12:56:16.644039,"5, 502.36,-50.526,525.741,-45.424"
2026-07-02T12:56:16.644039,"6, 454.360,-58.42,487.243,-49.774"
2026-07-02T12:56:16.645037,"7, 531.694,-62.658,452.908,-53.264"
2026-07-02T12:56:16.646044,"8, 413.120,-69.159,420.427,-55.517"
2026-07-02T12:56:16.646044,"9, 433.612,-80.310,389.814,-58.38"
2026-07-02T12:56:16.745558,"10, 338.845,-76.89,344.507,-61.912"
2026-07-02T12:56:16.756066,"11, 351.395,-80.648,327.463,-62.549"
2026-07-02T12:56:16.757073,"12, 278.828,-94.813,294.895,-65.353"
2026-07-02T12:56:16.757073,"13, 310.331,-103.891,265.494,-67.367"
2026-07-02T12:56:16.758075,"14, 244.270,-108.960,236.575,-69.0"
2026-07-02T12:56:16.959792,"0, 736.411,-18.439,733.495,-17.381"
2026-07-02T12:56:16.971796,"1, 702.812,-26.421,708.234,-23.710"
2026-07-02T12:56:16.972791,"2, 659.742,-32.116,657.369,-30.163"
2026-07-02T12:56:16.972791,"3, 609.469,-39.321,613.625,-37.479"
2026-07-02T12:56:16.973790,"4, 568.368,-43.590,574.858,-42.295"
2026-07-02T12:56:16.973790,"5, 522.305,-48.104,525.737,-45.427"
2026-07-02T12:56:16.974791,"6, 487.135,-52.423,487.243,-49.777"
2026-07-02T12:56:16.974791,"7, 450.795,-55.579,452.906,-53.267"
2026-07-02T12:56:16.975791,"8, 418.902,-58.295,420.426,-55.520"
2026-07-02T12:56:16.975791,"9, 386.984,-61.165,389.811,-58.42"
2026-07-02T12:56:17.036791,"10, 346.493,-65.139,344.509,-61.915"
2026-07-02T12:56:17.202840,"11, 323.68,-67.14,327.458,-62.554"
2026-07-02T12:56:17.203840,"12, 290.558,-69.744,294.890,-65.358"
2026-07-02T12:56:17.203840,"13, 262.447,-72.327,265.491,-67.372"
2026-07-02T12:56:17.204839,"14, 237.511,-75.55,236.576,-69.6"
2026-07-02T12:56:17.276461,"0, 688.674,-23.110,733.450,-17.387"
2026-07-02T12:56:17.281462,"1, 790.185,-30.429,708.316,-23.717"
2026-07-02T12:56:17.285461,"2, 650.204,-45.182,657.361,-30.178"
2026-07-02T12:56:17.286460,"3, 619.13,-37.139,613.630,-37.479"
2026-07-02T12:56:17.290462,"4, 494.840,-48.482,574.778,-42.301"
2026-07-02T12:56:17.295462,"5, 514.503,-62.193,525.726,-45.444"
2026-07-02T12:56:17.357979,"6, 532.522,-70.746,487.288,-49.798"
2026-07-02T12:56:17.358979,"7, 420.647,-70.109,452.874,-53.283"
2026-07-02T12:56:17.408981,"8, 520.595,-68.59,420.526,-55.533"
2026-07-02T12:56:17.408981,"9, 339.736,-76.751,389.761,-58.60"
2026-07-02T12:56:17.409979,"10, 328.818,-86.730,344.493,-61.940"
2026-07-02T12:56:17.475498,"11, 404.734,-90.950,327.536,-62.582"
2026-07-02T12:56:17.476498,"12, 419.806,-91.394,295.15,-65.384"
2026-07-02T12:56:17.476498,"13, 226.360,-94.399,265.452,-67.399"
2026-07-02T12:56:17.477498,"14, 258.686,-102.290,236.598,-69.39"
2026-07-02T12:56:17.687199,"0, 696.67,-22.949,733.412,-17.392"
2026-07-02T12:56:17.688199,"1, 780.593,-30.241,708.388,-23.724"
2026-07-02T12:56:17.805720,"2, 657.90,-44.770,657.361,-30.192"
2026-07-02T12:56:17.806720,"3, 617.76,-37.797,613.634,-37.479"
2026-07-02T12:56:17.806720,"4, 498.845,-48.853,574.703,-42.308"
2026-07-02T12:56:17.807718,"5, 520.526,-61.801,525.721,-45.460"
2026-07-02T12:56:17.807718,"6, 541.52,-70.629,487.342,-49.819"
2026-07-02T12:56:17.807718,"7, 417.902,-70.772,452.839,-53.301"
2026-07-02T12:56:17.808725,"8, 520.199,-69.30,420.626,-55.546"
2026-07-02T12:56:17.808725,"9, 343.265,-76.207,389.714,-58.78"
2026-07-02T12:56:17.809720,"10, 334.382,-86.655,344.483,-61.965"
2026-07-02T12:56:17.809720,"11, 413.198,-90.778,327.621,-62.610"
2026-07-02T12:56:17.810719,"12, 429.333,-90.995,295.149,-65.409"
2026-07-02T12:56:17.910238,"13, 222.192,-94.162,265.408,-67.426"
2026-07-02T12:56:17.910238,"14, 254.746,-103.282,236.616,-69.73"
2026-07-02T12:56:18.022591,"0, 733.296,-17.139,733.412,-17.392"
2026-07-02T12:56:18.022591,"1, 689.575,-24.139,708.369,-23.724"
2026-07-02T12:56:18.023587,"2, 649.832,-30.573,657.354,-30.193"
2026-07-02T12:56:18.023587,"3, 610.641,-36.941,613.631,-37.479"
2026-07-02T12:56:18.024585,"4, 563.445,-40.957,574.691,-42.306"
2026-07-02T12:56:18.024585,"5, 532.223,-45.526,525.727,-45.460"
2026-07-02T12:56:18.134113,"6, 484.853,-48.978,487.339,-49.818"
2026-07-02T12:56:18.134113,"7, 444.585,-52.809,452.831,-53.300"
2026-07-02T12:56:18.135107,"8, 429.377,-55.467,420.634,-55.546"
2026-07-02T12:56:18.135107,"9, 391.190,-58.535,389.716,-58.79"
2026-07-02T12:56:18.251642,"10, 339.390,-62.448,344.478,-61.965"
2026-07-02T12:56:18.252641,"11, 333.223,-61.753,327.627,-62.610"
2026-07-02T12:56:18.252641,"12, 302.772,-65.690,295.157,-65.410"
2026-07-02T12:56:18.253641,"13, 261.344,-65.500,265.404,-67.424"
2026-07-02T12:56:18.253641,"14, 229.961,-67.124,236.609,-69.71"
2026-07-02T12:56:18.356759,"0, 709.488,-21.110,733.388,-17.396"
2026-07-02T12:56:18.477284,"1, 698.216,-29.291,708.359,-23.730"
2026-07-02T12:56:18.477284,"2, 629.639,-37.949,657.326,-30.200"
2026-07-02T12:56:18.478284,"3, 639.110,-50.571,613.656,-37.492"
2026-07-02T12:56:18.478284,"4, 594.53,-61.747,574.711,-42.326"
2026-07-02T12:56:18.479285,"5, 560.693,-63.981,525.762,-45.479"
2026-07-02T12:56:18.479285,"6, 462.671,-62.147,487.315,-49.830"
2026-07-02T12:56:18.480284,"7, 546.998,-68.70,452.925,-53.315"
2026-07-02T12:56:18.480284,"8, 363.933,-83.767,420.578,-55.574"
2026-07-02T12:56:18.481284,"9, 434.166,-86.889,389.760,-58.108"
2026-07-02T12:56:18.481284,"10, 478.631,-93.763,344.612,-61.997"
2026-07-02T12:56:18.482284,"11, 263.325,-91.934,327.563,-62.639"
2026-07-02T12:56:18.482284,"12, 343.506,-99.735,295.205,-65.444"
2026-07-02T12:56:18.583504,"13, 260.229,-101.468,265.399,-67.458"
2026-07-02T12:56:18.583504,"14, 282.811,-105.507,236.656,-69.108"
2026-07-02T12:56:18.697731,"0, 722.152,-16.795,733.377,-17.395"
2026-07-02T12:56:18.697731,"1, 727.992,-25.536,708.379,-23.731"
2026-07-02T12:56:18.698726,"2, 586.922,-35.327,657.256,-30.206"
2026-07-02T12:56:18.698726,"3, 585.291,-50.200,613.628,-37.504"
2026-07-02T12:56:18.699726,"4, 577.454,-56.974,574.713,-42.341"
2026-07-02T12:56:18.700725,"5, 610.310,-62.776,525.847,-45.496"
2026-07-02T12:56:18.700725,"6, 418.88,-62.884,487.245,-49.843"
2026-07-02T12:56:18.807249,"7, 538.486,-73.880,453.10,-53.336"
2026-07-02T12:56:18.808250,"8, 354.851,-77.668,420.512,-55.597"
2026-07-02T12:56:18.808250,"9, 436.117,-80.479,389.807,-58.130"
2026-07-02T12:56:18.809249,"10, 494.353,-87.113,344.762,-62.22"
2026-07-02T12:56:18.925772,"11, 263.672,-99.368,327.499,-62.676"
2026-07-02T12:56:18.926773,"12, 366.480,-106.658,295.277,-65.485"
2026-07-02T12:56:18.926773,"13, 241.583,-93.478,265.375,-67.484"
2026-07-02T12:56:18.927770,"14, 240.658,-109.589,236.660,-69.148"
2026-07-02T12:56:19.031238,"0, 735.363,-22.710,733.379,-17.400"
2026-07-02T12:56:19.032238,"1, 684.54,-33.608,708.354,-23.741"
2026-07-02T12:56:19.154765,"2, 663.995,-43.81,657.262,-30.218"
2026-07-02T12:56:19.154765,"3, 606.382,-52.220,613.621,-37.519"
2026-07-02T12:56:19.155765,"4, 558.908,-60.617,574.697,-42.359"
2026-07-02T12:56:19.155765,"5, 514.890,-67.287,525.836,-45.518"
2026-07-02T12:56:19.156765,"6, 484.7,-74.142,487.242,-49.868"
2026-07-02T12:56:19.157272,"7, 452.536,-81.898,453.10,-53.364"
2026-07-02T12:56:19.157272,"8, 418.501,-87.13,420.510,-55.628"
2026-07-02T12:56:19.157272,"9, 392.206,-93.12,389.809,-58.165"
2026-07-02T12:56:19.158282,"10, 343.196,-101.229,344.760,-62.61"
2026-07-02T12:56:19.158282,"11, 330.61,-105.909,327.501,-62.719"
2026-07-02T12:56:19.159283,"12, 294.573,-115.991,295.276,-65.536"
2026-07-02T12:56:19.159283,"13, 267.131,-124.292,265.377,-67.541"
2026-07-02T12:56:19.306799,"14, 234.303,-132.472,236.657,-69.212"
2026-07-02T12:56:19.371332,"0, 740.222,-17.550,733.386,-17.400"
2026-07-02T12:56:19.372332,"1, 703.630,-25.948,708.349,-23.743"
2026-07-02T12:56:19.372332,"2, 658.587,-31.900,657.264,-30.220"
2026-07-02T12:56:19.373332,"3, 607.747,-37.677,613.615,-37.519"
2026-07-02T12:56:19.373332,"4, 568.687,-43.112,574.691,-42.360"
2026-07-02T12:56:19.373332,"5, 524.513,-47.832,525.835,-45.520"
2026-07-02T12:56:19.374331,"6, 488.144,-51.453,487.243,-49.869"
2026-07-02T12:56:19.374331,"7, 455.640,-54.861,453.12,-53.366"
2026-07-02T12:56:19.375332,"8, 421.77,-57.376,420.510,-55.630"
2026-07-02T12:56:19.375332,"9, 389.491,-60.45,389.809,-58.167"
2026-07-02T12:56:19.376332,"10, 347.381,-63.929,344.763,-62.63"
2026-07-02T12:56:19.376332,"11, 324.645,-65.686,327.498,-62.722"
2026-07-02T12:56:19.433437,"12, 292.8,-68.915,295.273,-65.539"
2026-07-02T12:56:19.434434,"13, 263.899,-70.882,265.376,-67.544"
2026-07-02T12:56:19.434434,"14, 237.473,-72.956,236.658,-69.215"
2026-07-02T12:56:19.696003,"0, 751.273,-20.334,733.404,-17.403"
2026-07-02T12:56:19.697003,"1, 683.819,-30.501,708.325,-23.750"
2026-07-02T12:56:19.761523,"2, 690.497,-40.679,657.297,-30.231"
2026-07-02T12:56:19.761523,"3, 619.771,-45.681,613.621,-37.527"
2026-07-02T12:56:19.762524,"4, 573.105,-47.194,574.690,-42.364"
2026-07-02T12:56:19.762524,"5, 515.841,-57.283,525.825,-45.532"
2026-07-02T12:56:19.763523,"6, 561.115,-66.371,487.317,-49.886"
2026-07-02T12:56:19.764523,"7, 461.67,-78.530,453.20,-53.391"
2026-07-02T12:56:19.764523,"8, 587.573,-74.575,420.678,-55.649"
2026-07-02T12:56:19.765523,"9, 312.66,-76.157,389.731,-58.185"
2026-07-02T12:56:19.812530,"10, 312.770,-82.430,344.731,-62.83"
2026-07-02T12:56:19.812530,"11, 350.985,-84.658,327.522,-62.744"
2026-07-02T12:56:19.813524,"12, 337.809,-94.334,295.315,-65.568"
2026-07-02T12:56:19.875049,"13, 272.39,-101.789,265.382,-67.578"
2026-07-02T12:56:19.875049,"14, 266.512,-100.906,236.688,-69.247"
2026-07-02T12:56:20.026570,"0, 738.865,-17.359,733.409,-17.403"
2026-07-02T12:56:20.026570,"1, 710.221,-25.902,708.327,-23.752"
2026-07-02T12:56:20.027569,"2, 663.854,-31.981,657.303,-30.232"
2026-07-02T12:56:20.092090,"3, 615.926,-37.641,613.623,-37.528"
2026-07-02T12:56:20.093089,"4, 566.45,-42.681,574.681,-42.365"
2026-07-02T12:56:20.094089,"5, 527.30,-47.275,525.826,-45.534"
2026-07-02T12:56:20.094089,"6, 492.781,-51.504,487.322,-49.887"
2026-07-02T12:56:20.095089,"7, 455.655,-54.968,453.23,-53.393"
2026-07-02T12:56:20.096092,"8, 424.862,-57.260,420.682,-55.650"
2026-07-02T12:56:20.096092,"9, 392.226,-59.265,389.734,-58.186"
2026-07-02T12:56:20.097095,"10, 348.965,-63.691,344.735,-62.85"
2026-07-02T12:56:20.198611,"11, 326.368,-65.689,327.521,-62.747"
2026-07-02T12:56:20.198611,"12, 295.317,-68.228,295.315,-65.571"
2026-07-02T12:56:20.199616,"13, 264.489,-71.13,265.381,-67.582"
2026-07-02T12:56:20.199616,"14, 243.710,-72.468,236.695,-69.250"
2026-07-02T12:56:20.349137,"0, 743.606,-16.744,733.419,-17.403"
2026-07-02T12:56:20.350137,"1, 697.47,-23.755,708.316,-23.752"
2026-07-02T12:56:20.414631,"2, 656.620,-30.877,657.303,-30.233"
2026-07-02T12:56:20.415631,"3, 601.409,-36.584,613.611,-37.527"
2026-07-02T12:56:20.416637,"4, 570.231,-41.967,574.677,-42.364"
2026-07-02T12:56:20.416637,"5, 521.710,-45.475,525.822,-45.534"
2026-07-02T12:56:20.417632,"6, 487.56,-49.360,487.322,-49.887"
2026-07-02T12:56:20.418631,"7, 453.673,-52.767,453.24,-53.392"
2026-07-02T12:56:20.418631,"8, 419.833,-55.579,420.681,-55.650"
2026-07-02T12:56:20.419631,"9, 387.54,-57.699,389.731,-58.185"
2026-07-02T12:56:20.419631,"10, 344.496,-61.493,344.735,-62.84"
2026-07-02T12:56:20.465158,"11, 324.969,-63.197,327.518,-62.747"
2026-07-02T12:56:20.466163,"12, 293.632,-65.972,295.314,-65.571"
2026-07-02T12:56:20.466163,"13, 260.249,-67.978,265.376,-67.582"
2026-07-02T12:56:20.528401,"14, 236.967,-69.652,236.695,-69.251"
2026-07-02T12:56:20.680160,"0, 740.935,-18.6,733.427,-17.403"
2026-07-02T12:56:20.680160,"1, 700.798,-26.586,708.308,-23.755"
2026-07-02T12:56:20.747164,"2, 660.141,-32.119,657.306,-30.235"
2026-07-02T12:56:20.747164,"3, 614.890,-38.461,613.612,-37.528"
2026-07-02T12:56:20.748164,"4, 567.60,-44.253,574.669,-42.366"
2026-07-02T12:56:20.749164,"5, 523.988,-48.431,525.820,-45.536"
2026-07-02T12:56:20.749164,"6, 490.295,-52.331,487.325,-49.889"
2026-07-02T12:56:20.749164,"7, 452.521,-55.852,453.23,-53.394"
2026-07-02T12:56:20.750166,"8, 421.638,-58.544,420.682,-55.653"
2026-07-02T12:56:20.750166,"9, 392.734,-61.249,389.734,-58.188"
2026-07-02T12:56:20.751164,"10, 347.610,-65.681,344.738,-62.88"
2026-07-02T12:56:20.796684,"11, 325.672,-67.534,327.516,-62.752"
2026-07-02T12:56:20.797685,"12, 290.539,-70.433,295.309,-65.576"
2026-07-02T12:56:20.797685,"13, 260.905,-73.208,265.372,-67.588"
2026-07-02T12:56:20.861210,"14, 239.73,-74.781,236.698,-69.256"
2026-07-02T12:56:21.008476,"0, 739.100,-17.426,733.433,-17.403"
2026-07-02T12:56:21.009476,"1, 695.857,-25.691,708.296,-23.757"
2026-07-02T12:56:21.075000,"2, 658.50,-31.654,657.306,-30.236"
2026-07-02T12:56:21.075999,"3, 610.774,-38.500,613.609,-37.529"
2026-07-02T12:56:21.075999,"4, 562.787,-43.415,574.657,-42.367"
2026-07-02T12:56:21.076998,"5, 524.334,-47.519,525.818,-45.538"
2026-07-02T12:56:21.076998,"6, 490.592,-51.524,487.328,-49.891"
2026-07-02T12:56:21.077997,"7, 457.489,-54.711,453.28,-53.396"
2026-07-02T12:56:21.077997,"8, 425.877,-57.272,420.687,-55.655"
2026-07-02T12:56:21.079000,"9, 393.393,-59.408,389.738,-58.190"
2026-07-02T12:56:21.079000,"10, 348.130,-64.67,344.741,-62.90"
2026-07-02T12:56:21.181527,"11, 327.849,-65.898,327.517,-62.755"
2026-07-02T12:56:21.182527,"12, 293.657,-67.670,295.307,-65.578"
2026-07-02T12:56:21.182527,"13, 263.831,-70.611,265.370,-67.591"
2026-07-02T12:56:21.232527,"14, 241.794,-72.482,236.703,-69.259"
2026-07-02T12:56:21.339515,"0, 745.461,-24.118,733.445,-17.410"
2026-07-02T12:56:21.340516,"1, 666.38,-31.629,708.253,-23.765"
2026-07-02T12:56:21.351521,"2, 660.211,-39.789,657.309,-30.246"
2026-07-02T12:56:21.352522,"3, 651.607,-51.501,613.648,-37.543"
2026-07-02T12:56:21.352522,"4, 544.914,-54.960,574.628,-42.380"
2026-07-02T12:56:21.353521,"5, 554.400,-56.933,525.847,-45.550"
2026-07-02T12:56:21.353521,"6, 469.652,-57.451,487.311,-49.899"
2026-07-02T12:56:21.353521,"7, 515.642,-59.986,453.90,-53.402"
2026-07-02T12:56:21.354522,"8, 378.867,-78.585,420.645,-55.678"
2026-07-02T12:56:21.354522,"9, 391.579,-79.722,389.739,-58.211"
2026-07-02T12:56:21.409039,"10, 388.85,-80.132,344.785,-62.108"
2026-07-02T12:56:21.518568,"11, 293.350,-85.374,327.482,-62.778"
2026-07-02T12:56:21.518568,"12, 313.684,-90.221,295.326,-65.603"
2026-07-02T12:56:21.519568,"13, 263.987,-95.530,265.369,-67.619"
2026-07-02T12:56:21.519568,"14, 284.256,-103.513,236.750,-69.294"
2026-07-02T12:56:21.663940,"0, 741.313,-19.969,733.453,-17.413"
2026-07-02T12:56:21.675939,"1, 719.728,-28.268,708.265,-23.769"
2026-07-02T12:56:21.676938,"2, 677.191,-40.48,657.329,-30.256"
2026-07-02T12:56:21.677937,"3, 605.255,-39.17,613.639,-37.544"
2026-07-02T12:56:21.677937,"4, 558.802,-45.550,574.612,-42.383"
2026-07-02T12:56:21.678941,"5, 540.648,-52.666,525.862,-45.557"
2026-07-02T12:56:21.678941,"6, 588.761,-63.771,487.412,-49.912"
2026-07-02T12:56:21.678941,"7, 399.428,-68.380,453.37,-53.417"
2026-07-02T12:56:21.679940,"8, 424.242,-69.676,420.649,-55.692"
2026-07-02T12:56:21.679940,"9, 421.657,-71.686,389.771,-58.225"
2026-07-02T12:56:21.780461,"10, 329.308,-88.415,344.769,-62.134"
2026-07-02T12:56:21.837459,"11, 332.181,-90.580,327.487,-62.805"
2026-07-02T12:56:21.838459,"12, 295.892,-87.269,295.326,-65.624"
2026-07-02T12:56:21.838459,"13, 270.331,-91.704,265.374,-67.643"
2026-07-02T12:56:21.839458,"14, 284.238,-97.958,236.798,-69.322"
2026-07-02T12:56:21.997855,"0, 741.750,-17.173,733.461,-17.412"
2026-07-02T12:56:22.009856,"1, 697.129,-23.944,708.254,-23.770"
2026-07-02T12:56:22.010856,"2, 658.701,-30.137,657.331,-30.256"
2026-07-02T12:56:22.010856,"3, 606.170,-35.969,613.632,-37.542"
2026-07-02T12:56:22.011854,"4, 565.850,-41.727,574.603,-42.382"
2026-07-02T12:56:22.011854,"5, 524.74,-45.597,525.860,-45.557"
2026-07-02T12:56:22.012855,"6, 487.428,-49.544,487.412,-49.912"
2026-07-02T12:56:22.013856,"7, 454.253,-52.921,453.38,-53.417"
2026-07-02T12:56:22.013856,"8, 419.493,-55.617,420.648,-55.692"
2026-07-02T12:56:22.068895,"9, 386.149,-57.765,389.768,-58.224"
2026-07-02T12:56:22.179128,"10, 346.642,-61.941,344.771,-62.134"
2026-07-02T12:56:22.179128,"11, 324.844,-63.406,327.485,-62.806"
2026-07-02T12:56:22.180124,"12, 295.129,-65.592,295.326,-65.624"
2026-07-02T12:56:22.180124,"13, 262.818,-67.909,265.371,-67.643"
2026-07-02T12:56:22.181123,"14, 237.248,-69.510,236.798,-69.322"
2026-07-02T12:56:22.323208,"0, 740.580,-17.355,733.468,-17.412"
2026-07-02T12:56:22.334206,"1, 704.613,-25.834,708.250,-23.772"
2026-07-02T12:56:22.335208,"2, 659.754,-32.266,657.333,-30.258"
2026-07-02T12:56:22.336207,"3, 619.368,-38.16,613.637,-37.543"
2026-07-02T12:56:22.336207,"4, 567.515,-43.176,574.596,-42.383"
2026-07-02T12:56:22.337206,"5, 528.95,-47.619,525.862,-45.559"
2026-07-02T12:56:22.337206,"6, 494.377,-51.535,487.419,-49.914"
2026-07-02T12:56:22.449462,"7, 454.692,-54.918,453.40,-53.418"
2026-07-02T12:56:22.450469,"8, 422.913,-57.382,420.650,-55.693"
2026-07-02T12:56:22.450469,"9, 393.189,-59.877,389.771,-58.226"
2026-07-02T12:56:22.451467,"10, 348.702,-64.212,344.775,-62.136"
2026-07-02T12:56:22.451467,"11, 327.720,-65.981,327.485,-62.809"
2026-07-02T12:56:22.452463,"12, 293.482,-68.148,295.324,-65.627"
2026-07-02T12:56:22.452463,"13, 265.734,-71.318,265.372,-67.647"
2026-07-02T12:56:22.453463,"14, 240.742,-72.517,236.802,-69.326"
2026-07-02T12:56:22.653557,"0, 741.369,-17.862,733.476,-17.413"
2026-07-02T12:56:22.719088,"1, 709.886,-26.444,708.252,-23.774"
2026-07-02T12:56:22.720088,"2, 663.903,-32.218,657.339,-30.259"
2026-07-02T12:56:22.772610,"3, 614.322,-39.407,613.638,-37.545"
2026-07-02T12:56:22.772610,"4, 566.830,-43.586,574.588,-42.384"
2026-07-02T12:56:22.773609,"5, 524.827,-48.375,525.861,-45.562"
2026-07-02T12:56:22.774610,"6, 492.758,-52.628,487.425,-49.916"
2026-07-02T12:56:22.844609,"7, 452.712,-56.214,453.39,-53.421"
2026-07-02T12:56:22.844609,"8, 422.44,-58.174,420.651,-55.696"
2026-07-02T12:56:22.845615,"9, 392.563,-61.138,389.774,-58.229"
2026-07-02T12:56:22.845615,"10, 345.800,-65.570,344.776,-62.140"
2026-07-02T12:56:22.846616,"11, 325.701,-67.573,327.483,-62.814"
2026-07-02T12:56:22.846616,"12, 291.259,-70.239,295.320,-65.631"
2026-07-02T12:56:22.847615,"13, 264.669,-73.253,265.371,-67.652"
2026-07-02T12:56:22.947134,"14, 239.553,-74.775,236.805,-69.331"
2026-07-02T12:56:23.062170,"0, 739.565,-17.634,733.482,-17.413"
2026-07-02T12:56:23.063172,"1, 698.392,-25.913,708.242,-23.777"
2026-07-02T12:56:23.064172,"2, 658.663,-32.10,657.341,-30.261"
2026-07-02T12:56:23.064172,"3, 614.544,-38.393,613.639,-37.546"
2026-07-02T12:56:23.065171,"4, 567.985,-43.390,574.582,-42.385"
2026-07-02T12:56:23.178692,"5, 525.148,-47.604,525.860,-45.564"
2026-07-02T12:56:23.178692,"6, 490.53,-51.421,487.427,-49.918"
2026-07-02T12:56:23.179699,"7, 454.348,-54.563,453.41,-53.422"
2026-07-02T12:56:23.180694,"8, 421.681,-57.542,420.652,-55.698"
2026-07-02T12:56:23.301214,"9, 391.133,-60.119,389.775,-58.231"
2026-07-02T12:56:23.301214,"10, 344.811,-64.259,344.776,-62.142"
2026-07-02T12:56:23.302212,"11, 324.688,-65.981,327.480,-62.817"
2026-07-02T12:56:23.303211,"12, 292.150,-68.242,295.317,-65.634"
2026-07-02T12:56:23.303211,"13, 262.638,-70.957,265.368,-67.656"
2026-07-02T12:56:23.304212,"14, 238.500,-72.557,236.807,-69.334"
2026-07-02T12:56:23.409483,"0, 738.111,-27.10,733.487,-17.423"
2026-07-02T12:56:23.410482,"1, 655.321,-30.288,708.189,-23.783"
2026-07-02T12:56:23.531003,"2, 632.355,-38.669,657.316,-30.270"
2026-07-02T12:56:23.532003,"3, 623.965,-47.97,613.649,-37.555"
2026-07-02T12:56:23.533003,"4, 570.238,-59.805,574.577,-42.403"
2026-07-02T12:56:23.533003,"5, 516.652,-56.635,525.851,-45.575"
2026-07-02T12:56:23.534003,"6, 479.933,-64.675,487.420,-49.933"
2026-07-02T12:56:23.534003,"7, 510.186,-70.65,453.98,-53.439"
2026-07-02T12:56:23.535003,"8, 411.272,-72.762,420.643,-55.715"
2026-07-02T12:56:23.536003,"9, 464.1,-87.144,389.849,-58.260"
2026-07-02T12:56:23.536003,"10, 310.172,-85.673,344.742,-62.165"
2026-07-02T12:56:23.537002,"11, 340.884,-96.439,327.494,-62.851"
2026-07-02T12:56:23.537002,"12, 271.31,-100.403,295.293,-65.669"
2026-07-02T12:56:23.637527,"13, 283.298,-109.154,265.386,-67.697"
2026-07-02T12:56:23.637527,"14, 263.99,-118.836,236.833,-69.384"
2026-07-02T12:56:23.754980,"0, 740.316,-26.196,733.493,-17.431"
2026-07-02T12:56:23.755980,"1, 655.149,-30.639,708.136,-23.790"
2026-07-02T12:56:23.755980,"2, 634.110,-39.159,657.293,-30.279"
2026-07-02T12:56:23.756980,"3, 619.143,-47.680,613.655,-37.565"
2026-07-02T12:56:23.756980,"4, 571.13,-58.986,574.574,-42.419"
2026-07-02T12:56:23.756980,"5, 516.778,-57.425,525.842,-45.587"
2026-07-02T12:56:23.757991,"6, 487.655,-64.599,487.420,-49.947"
2026-07-02T12:56:23.758983,"7, 519.641,-70.4,453.164,-53.455"
2026-07-02T12:56:23.758983,"8, 406.571,-71.909,420.629,-55.731"
2026-07-02T12:56:23.862019,"9, 472.277,-86.292,389.932,-58.288"
2026-07-02T12:56:23.863026,"10, 305.563,-86.721,344.702,-62.190"
2026-07-02T12:56:23.863026,"11, 349.835,-96.772,327.516,-62.885"
2026-07-02T12:56:24.012547,"12, 265.381,-101.505,295.263,-65.705"
2026-07-02T12:56:24.013544,"13, 282.236,-111.51,265.403,-67.740"
2026-07-02T12:56:24.013544,"14, 253.772,-119.296,236.850,-69.434"
2026-07-02T12:56:24.056551,"0, 697.901,-22.140,733.458,-17.436"
2026-07-02T12:56:24.057551,"1, 678.149,-28.831,708.106,-23.795"
2026-07-02T12:56:24.069068,"2, 654.633,-37.960,657.290,-30.286"
2026-07-02T12:56:24.069068,"3, 654.785,-46.796,613.696,-37.574"
2026-07-02T12:56:24.070067,"4, 574.606,-58.74,574.574,-42.435"
2026-07-02T12:56:24.070067,"5, 522.325,-59.893,525.839,-45.601"
2026-07-02T12:56:24.071069,"6, 492.864,-62.103,487.425,-49.959"
2026-07-02T12:56:24.071069,"7, 533.170,-64.300,453.244,-53.466"
2026-07-02T12:56:24.072067,"8, 374.475,-78.111,420.583,-55.753"
2026-07-02T12:56:24.073072,"9, 399.37,-80.568,389.941,-58.310"
2026-07-02T12:56:24.073072,"10, 399.351,-86.678,344.757,-62.214"
2026-07-02T12:56:24.079559,"11, 302.354,-84.794,327.491,-62.907"
2026-07-02T12:56:24.079559,"12, 351.643,-91.145,295.319,-65.730"
2026-07-02T12:56:24.080559,"13, 245.486,-94.263,265.383,-67.767"
2026-07-02T12:56:24.080559,"14, 262.551,-101.655,236.876,-69.466"
2026-07-02T12:56:24.401766,"0, 735.244,-17.142,733.460,-17.436"
2026-07-02T12:56:24.402766,"1, 697.723,-23.909,708.95,-23.795"
2026-07-02T12:56:24.413769,"2, 655.150,-30.451,657.288,-30.286"
2026-07-02T12:56:24.413769,"3, 613.474,-36.537,613.696,-37.573"
2026-07-02T12:56:24.414768,"4, 568.215,-41.819,574.567,-42.434"
2026-07-02T12:56:24.415770,"5, 525.489,-45.476,525.838,-45.601"
2026-07-02T12:56:24.415770,"6, 490.407,-49.721,487.428,-49.959"
2026-07-02T12:56:24.416766,"7, 455.297,-52.868,453.246,-53.466"
2026-07-02T12:56:24.416766,"8, 423.86,-55.270,420.585,-55.753"
2026-07-02T12:56:24.417769,"9, 390.893,-57.909,389.942,-58.310"
2026-07-02T12:56:24.417769,"10, 349.562,-61.814,344.762,-62.214"
2026-07-02T12:56:24.578580,"11, 331.894,-62.979,327.495,-62.907"
2026-07-02T12:56:24.578580,"12, 296.350,-65.644,295.320,-65.730"
2026-07-02T12:56:24.579577,"13, 266.911,-67.257,265.385,-67.766"
2026-07-02T12:56:24.579577,"14, 239.299,-69.6,236.878,-69.466"
2026-07-02T12:56:24.727121,"0, 738.629,-18.103,733.465,-17.436"
2026-07-02T12:56:24.728124,"1, 702.254,-26.202,708.90,-23.797"
2026-07-02T12:56:24.739123,"2, 658.27,-31.819,657.288,-30.288"
2026-07-02T12:56:24.740121,"3, 608.544,-37.590,613.690,-37.573"
2026-07-02T12:56:24.740121,"4, 566.897,-43.459,574.560,-42.435"
2026-07-02T12:56:24.741125,"5, 523.415,-47.925,525.836,-45.603"
2026-07-02T12:56:24.742122,"6, 488.829,-51.583,487.430,-49.961"
2026-07-02T12:56:24.742122,"7, 451.843,-55.90,453.245,-53.467"
2026-07-02T12:56:24.743122,"8, 420.820,-57.466,420.585,-55.754"
2026-07-02T12:56:24.743122,"9, 390.746,-59.878,389.943,-58.311"
2026-07-02T12:56:24.797742,"10, 345.630,-64.699,344.763,-62.216"
2026-07-02T12:56:24.906351,"11, 325.410,-66.160,327.493,-62.910"
2026-07-02T12:56:24.907355,"12, 290.828,-69.60,295.316,-65.733"
2026-07-02T12:56:24.908349,"13, 260.137,-71.532,265.379,-67.770"
2026-07-02T12:56:24.908349,"14, 236.756,-73.351,236.878,-69.469"
2026-07-02T12:56:25.055905,"0, 736.683,-17.864,733.468,-17.437"
2026-07-02T12:56:25.056905,"1, 713.66,-25.25,708.95,-23.799"
2026-07-02T12:56:25.068433,"2, 660.282,-32.128,657.291,-30.290"
2026-07-02T12:56:25.069437,"3, 614.803,-38.665,613.692,-37.575"
2026-07-02T12:56:25.069437,"4, 561.857,-43.94,574.547,-42.436"
2026-07-02T12:56:25.070434,"5, 528.246,-47.270,525.838,-45.605"
2026-07-02T12:56:25.071431,"6, 494.915,-51.281,487.437,-49.962"
2026-07-02T12:56:25.071431,"7, 454.340,-54.496,453.246,-53.468"
2026-07-02T12:56:25.072428,"8, 423.481,-57.38,420.588,-55.756"
2026-07-02T12:56:25.072428,"9, 392.736,-59.849,389.946,-58.313"
2026-07-02T12:56:25.127435,"10, 347.917,-64.199,344.766,-62.218"
2026-07-02T12:56:25.237582,"11, 327.141,-65.712,327.493,-62.913"
2026-07-02T12:56:25.238584,"12, 293.168,-68.272,295.313,-65.736"
2026-07-02T12:56:25.239580,"13, 263.726,-70.650,265.378,-67.773"
2026-07-02T12:56:25.239580,"14, 241.837,-73.97,236.883,-69.473"
2026-07-02T12:56:25.384947,"0, 734.980,-17.728,733.470,-17.437"
2026-07-02T12:56:25.385945,"1, 709.59,-25.201,708.96,-23.800"
2026-07-02T12:56:25.386945,"2, 656.568,-31.892,657.291,-30.291"
2026-07-02T12:56:25.448958,"3, 607.446,-38.458,613.685,-37.575"
2026-07-02T12:56:25.448958,"4, 561.948,-43.123,574.534,-42.437"
2026-07-02T12:56:25.449965,"5, 526.633,-47.335,525.839,-45.607"
2026-07-02T12:56:25.450961,"6, 492.10,-51.445,487.442,-49.964"
2026-07-02T12:56:25.450961,"7, 455.636,-54.659,453.248,-53.469"
2026-07-02T12:56:25.451960,"8, 424.81,-57.481,420.592,-55.757"
2026-07-02T12:56:25.452962,"9, 391.185,-59.853,389.947,-58.314"
2026-07-02T12:56:25.452962,"10, 346.73,-64.145,344.767,-62.220"
2026-07-02T12:56:25.497210,"11, 326.516,-65.870,327.492,-62.916"
2026-07-02T12:56:25.498210,"12, 290.328,-68.591,295.308,-65.739"
2026-07-02T12:56:25.499207,"13, 265.551,-70.699,265.378,-67.776"
2026-07-02T12:56:25.561227,"14, 237.772,-72.665,236.884,-69.476"
2026-07-02T12:56:25.698993,"0, 740.424,-16.181,733.477,-17.436"
2026-07-02T12:56:25.699988,"1, 707.264,-23.105,708.95,-23.799"
2026-07-02T12:56:25.710989,"2, 656.740,-30.40,657.290,-30.291"
2026-07-02T12:56:25.711987,"3, 591.26,-35.319,613.663,-37.573"
2026-07-02T12:56:25.711987,"4, 568.878,-39.427,574.529,-42.434"
2026-07-02T12:56:25.712990,"5, 516.51,-45.91,525.830,-45.606"
2026-07-02T12:56:25.714001,"6, 495.982,-48.739,487.450,-49.962"
2026-07-02T12:56:25.714001,"7, 445.119,-51.797,453.240,-53.468"
2026-07-02T12:56:25.714986,"8, 425.707,-53.293,420.597,-55.755"
2026-07-02T12:56:25.715991,"9, 386.601,-54.270,389.943,-58.310"
2026-07-02T12:56:25.722170,"10, 347.797,-59.626,344.770,-62.218"
2026-07-02T12:56:25.722170,"11, 327.565,-60.2,327.492,-62.913"
2026-07-02T12:56:25.723169,"12, 300.17,-61.615,295.313,-65.735"
2026-07-02T12:56:25.724168,"13, 261.495,-62.699,265.374,-67.771"
2026-07-02T12:56:25.778684,"14, 234.577,-63.353,236.881,-69.470"
2026-07-02T12:56:26.035268,"0, 741.610,-17.764,733.485,-17.436"
2026-07-02T12:56:26.098804,"1, 705.500,-24.340,708.92,-23.800"
2026-07-02T12:56:26.098804,"2, 664.830,-31.877,657.298,-30.293"
2026-07-02T12:56:26.099815,"3, 619.384,-37.815,613.668,-37.573"
2026-07-02T12:56:26.100801,"4, 570.966,-43.448,574.525,-42.435"
2026-07-02T12:56:26.101802,"5, 524.169,-47.637,525.828,-45.608"
2026-07-02T12:56:26.101802,"6, 489.757,-51.401,487.453,-49.964"
2026-07-02T12:56:26.102803,"7, 453.778,-54.697,453.241,-53.469"
2026-07-02T12:56:26.103802,"8, 424.755,-57.492,420.601,-55.757"
2026-07-02T12:56:26.103802,"9, 392.832,-59.733,389.946,-58.312"
2026-07-02T12:56:26.147805,"10, 347.598,-64.141,344.773,-62.220"
2026-07-02T12:56:26.148816,"11, 327.66,-65.618,327.491,-62.916"
2026-07-02T12:56:26.148816,"12, 294.4,-68.217,295.312,-65.737"
2026-07-02T12:56:26.160817,"13, 264.421,-70.676,265.373,-67.774"
2026-07-02T12:56:26.161819,"14, 241.290,-71.974,236.886,-69.473"
2026-07-02T12:56:26.361485,"0, 738.214,-17.25,733.489,-17.436"
2026-07-02T12:56:26.372998,"1, 704.998,-25.896,708.89,-23.802"
2026-07-02T12:56:26.373998,"2, 657.384,-30.839,657.298,-30.293"
2026-07-02T12:56:26.374999,"3, 606.819,-36.969,613.661,-37.573"
2026-07-02T12:56:26.374999,"4, 570.537,-42.878,574.521,-42.435"
2026-07-02T12:56:26.375998,"5, 525.508,-46.634,525.828,-45.609"
2026-07-02T12:56:26.376998,"6, 486.160,-50.704,487.451,-49.965"
2026-07-02T12:56:26.376998,"7, 454.794,-53.954,453.242,-53.470"
2026-07-02T12:56:26.478533,"8, 419.974,-56.615,420.600,-55.758"
2026-07-02T12:56:26.479534,"9, 388.953,-59.15,389.945,-58.312"
2026-07-02T12:56:26.573051,"10, 346.346,-63.209,344.775,-62.221"
2026-07-02T12:56:26.574051,"11, 325.691,-64.997,327.490,-62.918"
2026-07-02T12:56:26.575049,"12, 294.972,-67.534,295.311,-65.739"
2026-07-02T12:56:26.677429,"13, 264.454,-69.4,265.372,-67.775"
2026-07-02T12:56:26.677429,"14, 236.247,-71.399,236.885,-69.475"
2026-07-02T12:56:26.770949,"0, 741.426,-16.914,733.497,-17.435"
2026-07-02T12:56:26.771949,"1, 698.415,-23.883,708.80,-23.802"
2026-07-02T12:56:26.877471,"2, 659.650,-30.213,657.300,-30.293"
2026-07-02T12:56:26.878470,"3, 607.588,-36.381,613.655,-37.572"
2026-07-02T12:56:26.878470,"4, 567.15,-41.558,574.514,-42.434"
2026-07-02T12:56:26.879473,"5, 526.195,-45.294,525.828,-45.609"
2026-07-02T12:56:26.879473,"6, 489.746,-49.536,487.454,-49.964"
2026-07-02T12:56:26.880474,"7, 454.907,-52.556,453.244,-53.469"
2026-07-02T12:56:26.880474,"8, 419.681,-55.210,420.599,-55.757"
2026-07-02T12:56:26.881471,"9, 389.14,-57.975,389.944,-58.312"
2026-07-02T12:56:26.881471,"10, 344.902,-61.515,344.775,-62.220"
2026-07-02T12:56:26.882470,"11, 325.471,-62.922,327.488,-62.918"
2026-07-02T12:56:26.924469,"12, 294.808,-65.369,295.311,-65.739"
2026-07-02T12:56:26.925471,"13, 265.274,-67.167,265.372,-67.774"
2026-07-02T12:56:26.925471,"14, 238.221,-68.684,236.886,-69.474"
2026-07-02T12:56:27.029230,"0, 796.736,-23.658,733.561,-17.441"
2026-07-02T12:56:27.030230,"1, 646.148,-27.361,708.18,-23.806"
2026-07-02T12:56:27.090380,"2, 688.204,-33.75,657.331,-30.296"
2026-07-02T12:56:27.091380,"3, 652.241,-51.811,613.694,-37.586"
2026-07-02T12:56:27.091380,"4, 562.107,-42.525,574.501,-42.434"
2026-07-02T12:56:27.135381,"5, 466.644,-58.88,525.769,-45.621"
2026-07-02T12:56:27.135381,"6, 475.128,-66.750,487.441,-49.981"
2026-07-02T12:56:27.146385,"7, 441.492,-68.771,453.232,-53.484"
2026-07-02T12:56:27.146385,"8, 470.272,-73.483,420.649,-55.775"
2026-07-02T12:56:27.147380,"9, 366.192,-74.470,389.921,-58.328"
2026-07-02T12:56:27.147380,"10, 354.214,-76.480,344.784,-62.234"
2026-07-02T12:56:27.148380,"11, 351.26,-76.719,327.511,-62.931"
2026-07-02T12:56:27.148380,"12, 289.727,-88.368,295.305,-65.761"
2026-07-02T12:56:27.149389,"13, 302.778,-97.973,265.409,-67.805"
2026-07-02T12:56:27.149389,"14, 238.448,-96.602,236.888,-69.501"
2026-07-02T12:56:27.408115,"0, 740.601,-16.812,733.568,-17.441"
2026-07-02T12:56:27.451119,"1, 715.395,-24.57,708.25,-23.806"
2026-07-02T12:56:27.451119,"2, 658.306,-30.257,657.332,-30.296"
2026-07-02T12:56:27.462119,"3, 603.943,-36.233,613.684,-37.585"
2026-07-02T12:56:27.463120,"4, 567.730,-42.133,574.494,-42.434"
2026-07-02T12:56:27.463120,"5, 522.667,-46.9,525.766,-45.622"
2026-07-02T12:56:27.464120,"6, 489.121,-49.814,487.443,-49.981"
2026-07-02T12:56:27.464627,"7, 453.170,-52.756,453.232,-53.483"
2026-07-02T12:56:27.465634,"8, 420.994,-55.320,420.649,-55.774"
2026-07-02T12:56:27.465634,"9, 390.576,-57.802,389.921,-58.328"
2026-07-02T12:56:27.466635,"10, 349.169,-61.704,344.789,-62.234"
2026-07-02T12:56:27.466635,"11, 326.838,-62.808,327.510,-62.931"
2026-07-02T12:56:27.475641,"12, 297.880,-65.280,295.308,-65.761"
2026-07-02T12:56:27.475641,"13, 265.921,-67.372,265.410,-67.804"
2026-07-02T12:56:27.476653,"14, 236.880,-69.618,236.888,-69.501"
2026-07-02T12:56:27.798915,"0, 748.480,-16.353,733.583,-17.440"
2026-07-02T12:56:27.799918,"1, 705.28,-24.116,708.22,-23.806"
2026-07-02T12:56:27.799918,"2, 659.122,-29.988,657.334,-30.296"
2026-07-02T12:56:27.800917,"3, 613.343,-35.618,613.684,-37.583"
2026-07-02T12:56:27.868433,"4, 560.7,-39.826,574.480,-42.432"
2026-07-02T12:56:27.869433,"5, 514.400,-43.5,525.754,-45.619"
2026-07-02T12:56:27.869433,"6, 501.16,-48.380,487.456,-49.979"
2026-07-02T12:56:27.870432,"7, 442.56,-50.86,453.221,-53.480"
2026-07-02T12:56:27.871433,"8, 428.513,-52.839,420.657,-55.771"
2026-07-02T12:56:27.871433,"9, 393.34,-54.910,389.924,-58.324"
2026-07-02T12:56:27.872433,"10, 337.343,-58.728,344.781,-62.230"
2026-07-02T12:56:27.872433,"11, 330.932,-59.525,327.514,-62.928"
2026-07-02T12:56:27.975953,"12, 292.159,-62.121,295.305,-65.757"
2026-07-02T12:56:27.975953,"13, 264.698,-63.212,265.409,-67.800"
2026-07-02T12:56:27.976958,"14, 240.208,-65.320,236.891,-69.497"
2026-07-02T12:56:28.186718,"0, 742.14,-17.916,733.591,-17.440"
2026-07-02T12:56:28.187724,"1, 698.160,-25.114,708.12,-23.808"
2026-07-02T12:56:28.188719,"2, 663.952,-32.386,657.340,-30.298"
2026-07-02T12:56:28.306242,"3, 616.95,-38.254,613.686,-37.583"
2026-07-02T12:56:28.307242,"4, 569.32,-43.775,574.475,-42.433"
2026-07-02T12:56:28.307242,"5, 525.445,-48.743,525.754,-45.622"
2026-07-02T12:56:28.308242,"6, 489.893,-52.900,487.459,-49.982"
2026-07-02T12:56:28.309242,"7, 453.993,-55.865,453.222,-53.482"
2026-07-02T12:56:28.309242,"8, 423.169,-58.389,420.660,-55.774"
2026-07-02T12:56:28.310241,"9, 389.680,-61.261,389.924,-58.327"
2026-07-02T12:56:28.310241,"10, 347.308,-65.897,344.784,-62.234"
2026-07-02T12:56:28.311241,"11, 324.991,-67.426,327.511,-62.932"
2026-07-02T12:56:28.311241,"12, 290.546,-69.837,295.300,-65.761"
2026-07-02T12:56:28.312242,"13, 261.586,-73.123,265.405,-67.805"
2026-07-02T12:56:28.407767,"14, 237.412,-75.181,236.892,-69.502"
2026-07-02T12:56:28.521296,"0, 737.144,-17.461,733.595,-17.440"
2026-07-02T12:56:28.522294,"1, 702.91,-25.389,708.6,-23.809"
2026-07-02T12:56:28.523292,"2, 654.445,-30.80,657.337,-30.297"
2026-07-02T12:56:28.523292,"3, 607.907,-35.810,613.681,-37.581"
2026-07-02T12:56:28.524291,"4, 571.581,-42.122,574.472,-42.433"
2026-07-02T12:56:28.525295,"5, 522.544,-45.547,525.751,-45.622"
2026-07-02T12:56:28.525295,"6, 485.680,-49.570,487.457,-49.982"
2026-07-02T12:56:28.526295,"7, 452.604,-52.964,453.221,-53.482"
2026-07-02T12:56:28.527291,"8, 419.883,-55.460,420.659,-55.774"
2026-07-02T12:56:28.527291,"9, 388.286,-57.949,389.922,-58.327"
2026-07-02T12:56:28.632811,"10, 345.52,-61.477,344.784,-62.233"
2026-07-02T12:56:28.633817,"11, 325.229,-63.50,327.509,-62.933"
2026-07-02T12:56:28.633817,"12, 295.244,-65.426,295.300,-65.761"
2026-07-02T12:56:28.795853,"13, 263.975,-67.848,265.404,-67.805"
2026-07-02T12:56:28.796853,"14, 233.377,-69.227,236.888,-69.502"
2026-07-02T12:56:28.845854,"0, 743.731,-16.837,733.605,-17.440"
2026-07-02T12:56:28.846855,"1, 699.540,-23.587,707.998,-23.809"
2026-07-02T12:56:28.847853,"2, 656.89,-30.486,657.336,-30.298"
2026-07-02T12:56:28.859862,"3, 600.939,-36.384,613.668,-37.580"
2026-07-02T12:56:28.859862,"4, 571.207,-42.62,574.468,-42.432"
2026-07-02T12:56:28.860861,"5, 523.438,-45.154,525.748,-45.622"
2026-07-02T12:56:28.861861,"6, 490.61,-49.358,487.460,-49.981"
2026-07-02T12:56:28.861861,"7, 454.167,-52.865,453.222,-53.481"
2026-07-02T12:56:28.862862,"8, 420.743,-55.379,420.659,-55.773"
2026-07-02T12:56:28.862862,"9, 390.571,-57.726,389.923,-58.326"
2026-07-02T12:56:28.863866,"10, 345.498,-61.110,344.785,-62.232"
2026-07-02T12:56:28.876353,"11, 325.852,-62.805,327.507,-62.932"
2026-07-02T12:56:28.876353,"12, 294.963,-65.544,295.300,-65.761"
2026-07-02T12:56:28.877353,"13, 266.584,-66.830,265.405,-67.804"
2026-07-02T12:56:28.877353,"14, 239.33,-68.481,236.890,-69.501"
2026-07-02T12:56:29.106230,"0, 744.322,-17.239,733.615,-17.439"
2026-07-02T12:56:29.107230,"1, 697.178,-24.339,707.987,-23.809"
2026-07-02T12:56:29.175805,"2, 660.118,-32.109,657.339,-30.299"
2026-07-02T12:56:29.176800,"3, 604.673,-38.232,613.659,-37.581"
2026-07-02T12:56:29.177799,"4, 571.892,-43.178,574.466,-42.433"
2026-07-02T12:56:29.178798,"5, 524.547,-47.301,525.747,-45.624"
2026-07-02T12:56:29.178798,"6, 493.127,-51.534,487.465,-49.983"
2026-07-02T12:56:29.180005,"7, 454.244,-54.948,453.223,-53.483"
2026-07-02T12:56:29.181012,"8, 424.447,-57.483,420.663,-55.775"
2026-07-02T12:56:29.181012,"9, 392.386,-59.924,389.926,-58.328"
2026-07-02T12:56:29.182012,"10, 347.792,-64.398,344.788,-62.234"
2026-07-02T12:56:29.286891,"11, 327.306,-65.702,327.507,-62.935"
2026-07-02T12:56:29.287892,"12, 293.85,-68.569,295.297,-65.763"
2026-07-02T12:56:29.288891,"13, 263.723,-71.302,265.403,-67.807"
2026-07-02T12:56:29.395415,"14, 242.425,-72.80,236.896,-69.504"
2026-07-02T12:56:29.498935,"0, 741.614,-16.418,733.623,-17.438"
2026-07-02T12:56:29.499936,"1, 694.502,-23.724,707.973,-23.809"
2026-07-02T12:56:29.500936,"2, 658.338,-30.444,657.340,-30.300"
2026-07-02T12:56:29.616455,"3, 600.277,-36.691,613.646,-37.580"
2026-07-02T12:56:29.617461,"4, 571.238,-42.180,574.463,-42.433"
2026-07-02T12:56:29.618455,"5, 523.702,-45.611,525.745,-45.623"
2026-07-02T12:56:29.618455,"6, 489.663,-49.863,487.468,-49.983"
2026-07-02T12:56:29.619455,"7, 452.216,-53.332,453.222,-53.482"
2026-07-02T12:56:29.620459,"8, 419.923,-55.711,420.662,-55.775"
2026-07-02T12:56:29.621456,"9, 387.275,-57.738,389.923,-58.327"
2026-07-02T12:56:29.621456,"10, 346.646,-61.458,344.789,-62.233"
2026-07-02T12:56:29.622455,"11, 325.623,-62.700,327.505,-62.935"
2026-07-02T12:56:29.622455,"12, 296.356,-65.531,295.299,-65.763"
2026-07-02T12:56:29.623455,"13, 265.395,-67.368,265.403,-67.807"
2026-07-02T12:56:29.718978,"14, 236.380,-69.657,236.895,-69.504"
2026-07-02T12:56:29.836507,"0, 739.72,-17.408,733.629,-17.438"
2026-07-02T12:56:29.837500,"1, 704.668,-26.239,707.970,-23.812"
2026-07-02T12:56:29.837500,"2, 660.448,-32.512,657.343,-30.302"
2026-07-02T12:56:29.838504,"3, 617.525,-38.195,613.649,-37.581"
2026-07-02T12:56:29.839500,"4, 570.199,-43.313,574.458,-42.434"
2026-07-02T12:56:29.839500,"5, 525.513,-47.625,525.745,-45.625"
2026-07-02T12:56:29.840499,"6, 490.955,-51.687,487.471,-49.984"
2026-07-02T12:56:29.840499,"7, 452.838,-55.95,453.222,-53.484"
2026-07-02T12:56:29.841499,"8, 422.3,-57.920,420.664,-55.777"
2026-07-02T12:56:29.842499,"9, 393.266,-60.375,389.926,-58.329"
2026-07-02T12:56:29.842499,"10, 348.483,-64.730,344.793,-62.236"
2026-07-02T12:56:29.951041,"11, 325.700,-66.8,327.503,-62.938"
2026-07-02T12:56:29.951041,"12, 291.814,-68.892,295.295,-65.766"
2026-07-02T12:56:29.951041,"13, 260.391,-71.395,265.398,-67.811"
2026-07-02T12:56:30.052563,"14, 239.138,-73.514,236.898,-69.508"
2026-07-02T12:56:30.157674,"0, 739.748,-17.480,733.635,-17.438"
2026-07-02T12:56:30.157674,"1, 701.535,-23.849,707.964,-23.812"
2026-07-02T12:56:30.158675,"2, 656.312,-30.857,657.342,-30.302"
2026-07-02T12:56:30.274253,"3, 616.681,-37.955,613.652,-37.581"
2026-07-02T12:56:30.275261,"4, 570.291,-43.99,574.454,-42.434"
2026-07-02T12:56:30.275261,"5, 525.33,-46.498,525.744,-45.626"
2026-07-02T12:56:30.275261,"6, 486.81,-50.433,487.470,-49.985"
2026-07-02T12:56:30.275261,"7, 454.996,-54.146,453.223,-53.485"
2026-07-02T12:56:30.275261,"8, 417.268,-56.500,420.660,-55.778"
2026-07-02T12:56:30.276262,"9, 389.765,-59.715,389.926,-58.331"
2026-07-02T12:56:30.276262,"10, 346.528,-63.274,344.795,-62.237"
2026-07-02T12:56:30.376230,"11, 326.72,-64.759,327.502,-62.940"
2026-07-02T12:56:30.376230,"12, 293.738,-67.281,295.293,-65.768"
2026-07-02T12:56:30.376230,"13, 261.982,-69.401,265.395,-67.812"
2026-07-02T12:56:30.377229,"14, 236.574,-71.467,236.897,-69.510"
2026-07-02T12:56:30.490751,"0, 741.803,-17.99,733.643,-17.438"
2026-07-02T12:56:30.490751,"1, 703.502,-25.494,707.959,-23.813"
2026-07-02T12:56:30.490751,"2, 662.269,-30.525,657.347,-30.303"
2026-07-02T12:56:30.490751,"3, 604.497,-36.912,613.643,-37.580"
2026-07-02T12:56:30.491750,"4, 572.347,-42.82,574.452,-42.434"
2026-07-02T12:56:30.491750,"5, 529.160,-45.407,525.748,-45.626"
2026-07-02T12:56:30.491750,"6, 488.352,-49.709,487.471,-49.984"
2026-07-02T12:56:30.544749,"7, 453.719,-52.866,453.224,-53.484"
2026-07-02T12:56:30.601237,"8, 424.643,-55.539,420.664,-55.778"
2026-07-02T12:56:30.601237,"9, 390.516,-57.742,389.927,-58.330"
2026-07-02T12:56:30.601237,"10, 346.769,-61.578,344.797,-62.236"
2026-07-02T12:56:30.716760,"11, 328.18,-62.886,327.502,-62.940"
2026-07-02T12:56:30.716760,"12, 296.615,-65.693,295.295,-65.768"
2026-07-02T12:56:30.716760,"13, 264.656,-67.631,265.394,-67.812"
2026-07-02T12:56:30.716760,"14, 238.777,-69.374,236.899,-69.510"
2026-07-02T12:56:30.831061,"0, 738.75,-17.82,733.648,-17.438"
2026-07-02T12:56:30.832063,"1, 710.657,-25.104,707.962,-23.815"
2026-07-02T12:56:30.927243,"2, 660.47,-29.988,657.349,-30.302"
2026-07-02T12:56:30.991772,"3, 610.199,-37.267,613.640,-37.580"
2026-07-02T12:56:30.991772,"4, 567.238,-41.792,574.445,-42.433"
2026-07-02T12:56:30.991772,"5, 519.971,-45.340,525.742,-45.626"
2026-07-02T12:56:30.991772,"6, 487.526,-49.862,487.471,-49.984"
2026-07-02T12:56:30.992770,"7, 451.903,-52.899,453.223,-53.483"
2026-07-02T12:56:30.992770,"8, 418.706,-55.551,420.662,-55.777"
2026-07-02T12:56:30.992770,"9, 387.237,-58.190,389.924,-58.330"
2026-07-02T12:56:30.992770,"10, 343.303,-61.922,344.795,-62.236"
2026-07-02T12:56:30.993771,"11, 324.923,-63.70,327.500,-62.940"
2026-07-02T12:56:30.993771,"12, 294.221,-65.387,295.294,-65.767"
2026-07-02T12:56:31.033774,"13, 263.305,-67.431,265.392,-67.812"
2026-07-02T12:56:31.034772,"14, 233.391,-69.291,236.896,-69.510"
2026-07-02T12:56:31.060570,"0, 735.992,-17.67,733.650,-17.437"
2026-07-02T12:56:31.065570,"1, 697.490,-25.913,707.952,-23.817"
2026-07-02T12:56:31.068726,"2, 663.491,-31.530,657.356,-30.304"
2026-07-02T12:56:31.072725,"3, 619.289,-37.982,613.645,-37.580"
2026-07-02T12:56:31.076726,"4, 566.396,-43.563,574.437,-42.434"
2026-07-02T12:56:31.132725,"5, 525.624,-47.504,525.742,-45.628"
2026-07-02T12:56:31.238808,"6, 492.110,-51.524,487.475,-49.986"
2026-07-02T12:56:31.238808,"7, 454.473,-54.608,453.224,-53.485"
2026-07-02T12:56:31.238808,"8, 424.682,-57.479,420.666,-55.779"
2026-07-02T12:56:31.239802,"9, 391.965,-60.189,389.926,-58.332"
2026-07-02T12:56:31.239802,"10, 348.19,-64.361,344.799,-62.238"
2026-07-02T12:56:31.239802,"11, 327.67,-66.88,327.500,-62.943"
2026-07-02T12:56:31.239802,"12, 294.778,-68.390,295.293,-65.770"
2026-07-02T12:56:31.239802,"13, 265.244,-71.659,265.392,-67.816"
2026-07-02T12:56:31.240802,"14, 241.916,-72.636,236.901,-69.513"
2026-07-02T12:56:31.396834,"0, 734.971,-16.922,733.651,-17.437"
2026-07-02T12:56:31.400838,"1, 692.465,-24.736,707.936,-23.818"
2026-07-02T12:56:31.404840,"2, 649.778,-30.144,657.348,-30.303"
2026-07-02T12:56:31.512358,"3, 604.653,-37.103,613.636,-37.580"
2026-07-02T12:56:31.512358,"4, 562.769,-42.351,574.425,-42.434"
2026-07-02T12:56:31.513358,"5, 521.815,-45.468,525.738,-45.628"
2026-07-02T12:56:31.513358,"6, 486.83,-50.1,487.474,-49.986"
2026-07-02T12:56:31.513358,"7, 452.641,-52.896,453.223,-53.484"
2026-07-02T12:56:31.513358,"8, 419.52,-55.607,420.665,-55.779"
2026-07-02T12:56:31.514357,"9, 386.731,-57.741,389.923,-58.331"
2026-07-02T12:56:31.514357,"10, 343.222,-61.896,344.797,-62.238"
2026-07-02T12:56:31.514357,"11, 325.76,-63.260,327.497,-62.943"
2026-07-02T12:56:31.515357,"12, 294.958,-65.876,295.293,-65.770"
2026-07-02T12:56:31.515357,"13, 260.806,-67.693,265.387,-67.815"
2026-07-02T12:56:31.578109,"14, 234.897,-69.572,236.899,-69.513"
2026-07-02T12:56:31.732584,"0, 745.418,-16.945,733.663,-17.436"
2026-07-02T12:56:31.792111,"1, 697.549,-24.76,707.926,-23.818"
2026-07-02T12:56:31.840105,"2, 660.659,-32.188,657.351,-30.305"
2026-07-02T12:56:31.840105,"3, 605.143,-37.924,613.628,-37.580"
2026-07-02T12:56:31.841105,"4, 569.394,-43.212,574.420,-42.435"
2026-07-02T12:56:31.905643,"5, 526.31,-47.269,525.738,-45.629"
2026-07-02T12:56:31.905643,"6, 492.622,-51.497,487.479,-49.987"
2026-07-02T12:56:31.905643,"7, 455.577,-54.630,453.226,-53.485"
2026-07-02T12:56:31.906641,"8, 423.492,-57.110,420.667,-55.780"
2026-07-02T12:56:31.906641,"9, 392.611,-59.626,389.925,-58.332"
2026-07-02T12:56:31.906641,"10, 349.710,-63.799,344.802,-62.239"
2026-07-02T12:56:31.907640,"11, 328.992,-65.447,327.499,-62.946"
2026-07-02T12:56:31.907640,"12, 293.444,-68.51,295.291,-65.772"
2026-07-02T12:56:31.948640,"13, 266.342,-70.460,265.388,-67.818"
2026-07-02T12:56:31.949641,"14, 238.543,-71.553,236.900,-69.515"
2026-07-02T12:56:32.165247,"0, 740.860,-17.100,733.670,-17.436"
2026-07-02T12:56:32.166248,"1, 696.850,-23.695,707.915,-23.818"
2026-07-02T12:56:32.230772,"2, 660.935,-30.351,657.355,-30.305"
2026-07-02T12:56:32.230772,"3, 610.704,-35.856,613.625,-37.579"
2026-07-02T12:56:32.230772,"4, 572.973,-41.939,574.419,-42.435"
2026-07-02T12:56:32.231772,"5, 525.760,-45.540,525.738,-45.629"
2026-07-02T12:56:32.231772,"6, 491.860,-49.729,487.483,-49.987"
2026-07-02T12:56:32.231772,"7, 452.633,-52.860,453.225,-53.484"
2026-07-02T12:56:32.231772,"8, 420.563,-55.159,420.667,-55.780"
2026-07-02T12:56:32.232772,"9, 389.267,-57.407,389.925,-58.331"
2026-07-02T12:56:32.232772,"10, 345.730,-61.264,344.803,-62.238"
2026-07-02T12:56:32.279298,"11, 324.591,-62.821,327.496,-62.946"
2026-07-02T12:56:32.279298,"12, 293.974,-65.387,295.290,-65.772"
2026-07-02T12:56:32.279298,"13, 266.829,-67.222,265.390,-67.817"
2026-07-02T12:56:32.290299,"14, 236.665,-69.25,236.900,-69.514"
2026-07-02T12:56:32.488831,"0, 735.603,-16.430,733.672,-17.435"
2026-07-02T12:56:32.488831,"1, 721.682,-23.767,707.928,-23.818"
2026-07-02T12:56:32.552831,"2, 653.67,-29.734,657.351,-30.305"
2026-07-02T12:56:32.553837,"3, 597.640,-35.973,613.609,-37.577"
2026-07-02T12:56:32.553837,"4, 566.291,-41.380,574.411,-42.434"
2026-07-02T12:56:32.554831,"5, 522.616,-45.731,525.735,-45.629"
2026-07-02T12:56:32.554831,"6, 484.229,-49.197,487.480,-49.986"
2026-07-02T12:56:32.554831,"7, 449.361,-52.762,453.221,-53.484"
2026-07-02T12:56:32.555831,"8, 420.110,-55.252,420.667,-55.779"
2026-07-02T12:56:32.555831,"9, 388.666,-56.595,389.924,-58.330"
2026-07-02T12:56:32.555831,"10, 348.650,-60.380,344.807,-62.236"
2026-07-02T12:56:32.603345,"11, 322.993,-62.15,327.491,-62.945"
2026-07-02T12:56:32.603345,"12, 297.318,-63.752,295.292,-65.770"
2026-07-02T12:56:32.603345,"13, 264.681,-64.575,265.389,-67.814"
2026-07-02T12:56:32.614345,"14, 238.705,-67.593,236.902,-69.512"
2026-07-02T12:56:32.834982,"0, 757.288,-24.576,733.696,-17.442"
2026-07-02T12:56:32.835987,"1, 668.271,-32.264,707.889,-23.826"
2026-07-02T12:56:32.847985,"2, 678.679,-42.352,657.372,-30.317"
2026-07-02T12:56:32.847985,"3, 648.366,-52.838,613.644,-37.592"
2026-07-02T12:56:32.848979,"4, 533.89,-54.632,574.369,-42.446"
2026-07-02T12:56:32.848979,"5, 581.340,-58.748,525.790,-45.642"
2026-07-02T12:56:32.848979,"6, 463.58,-57.469,487.456,-49.994"
2026-07-02T12:56:32.849984,"7, 502.895,-60.769,453.271,-53.491"
2026-07-02T12:56:32.849984,"8, 379.999,-80.163,420.626,-55.803"
2026-07-02T12:56:32.849984,"9, 381.709,-82.245,389.915,-58.354"
2026-07-02T12:56:32.906530,"10, 390.625,-81.47,344.853,-62.255"
2026-07-02T12:56:32.963532,"11, 293.472,-87.981,327.457,-62.970"
2026-07-02T12:56:32.963532,"12, 317.818,-91.536,295.314,-65.796"
2026-07-02T12:56:32.963532,"13, 264.352,-96.702,265.388,-67.843"
2026-07-02T12:56:32.963532,"14, 291.653,-104.914,236.957,-69.548"
2026-07-02T12:56:33.162304,"0, 739.699,-17.114,733.702,-17.442"
2026-07-02T12:56:33.162304,"1, 703.261,-23.380,707.884,-23.826"
2026-07-02T12:56:33.173356,"2, 654.975,-30.253,657.370,-30.317"
2026-07-02T12:56:33.173356,"3, 612.754,-37.18,613.643,-37.592"
2026-07-02T12:56:33.174364,"4, 570.794,-42.247,574.366,-42.446"
2026-07-02T12:56:33.174364,"5, 527.518,-45.386,525.792,-45.642"
2026-07-02T12:56:33.174364,"6, 487.579,-49.710,487.456,-49.993"
2026-07-02T12:56:33.174364,"7, 455.124,-52.997,453.273,-53.491"
2026-07-02T12:56:33.175365,"8, 422.34,-55.411,420.628,-55.803"
2026-07-02T12:56:33.175365,"9, 388.628,-57.440,389.914,-58.353"
2026-07-02T12:56:33.232358,"10, 345.188,-61.483,344.853,-62.255"
2026-07-02T12:56:33.293172,"11, 327.457,-62.576,327.457,-62.969"
2026-07-02T12:56:33.293172,"12, 295.304,-65.290,295.314,-65.795"
2026-07-02T12:56:33.293172,"13, 263.677,-67.456,265.386,-67.843"
2026-07-02T12:56:33.293172,"14, 236.848,-68.787,236.957,-69.547"
