Index,Magnitude,Phase,AccMagnitude,AccPhase,Label,Value_R,Value_C
0,1268.305,-19.921,1268.305,-19.921,Parallel_RC,1300.0,47.0
1,1179.379,-27.79,1179.379,-27.79,Parallel_RC,1300.0,47.0
2,1088.752,-33.583,1088.752,-33.583,Parallel_RC,1300.0,47.0
3,999.412,-40.792,999.412,-40.792,Parallel_RC,1300.0,47.0
4,921.855,-46.315,921.855,-46.315,Parallel_RC,1300.0,47.0
5,841.625,-49.291,841.625,-49.291,Parallel_RC,1300.0,47.0
6,776.6,-53.416,776.6,-53.416,Parallel_RC,1300.0,47.0
7,715.28,-57.114,715.28,-57.114,Parallel_RC,1300.0,47.0
8,656.68,-58.922,656.68,-58.922,Parallel_RC,1300.0,47.0
9,603.36,-61.464,603.36,-61.464,Parallel_RC,1300.0,47.0
10,534.125,-65.13,534.125,-65.13,Parallel_RC,1300.0,47.0
11,502.539,-66.94,502.539,-66.94,Parallel_RC,1300.0,47.0
12,455.204,-68.49,455.204,-68.49,Parallel_RC,1300.0,47.0
13,406.327,-69.531,406.327,-69.531,Parallel_RC,1300.0,47.0
14,360.664,-71.456,360.664,-71.456,Parallel_RC,1300.0,47.0
0,1276.473,-20.363,1268.313,-19.922,Parallel_RC,1300.0,47.0
1,1200.226,-28.637,1179.4,-27.8,Parallel_RC,1300.0,47.0
2,1114.5,-35.506,1088.778,-33.584,Parallel_RC,1300.0,47.0
3,1012.28,-41.892,999.425,-40.793,Parallel_RC,1300.0,47.0
4,922.122,-47.207,921.855,-46.315,Parallel_RC,1300.0,47.0
5,846.715,-51.576,841.63,-49.294,Parallel_RC,1300.0,47.0
6,786.54,-54.94,776.16,-53.417,Parallel_RC,1300.0,47.0
7,728.4,-58.345,715.293,-57.115,Parallel_RC,1300.0,47.0
8,671.367,-60.686,656.695,-58.924,Parallel_RC,1300.0,47.0
9,614.295,-63.264,603.371,-61.466,Parallel_RC,1300.0,47.0
10,544.517,-66.808,534.136,-65.132,Parallel_RC,1300.0,47.0
11,506.983,-68.211,502.544,-66.96,Parallel_RC,1300.0,47.0
12,452.18,-70.373,455.201,-68.51,Parallel_RC,1300.0,47.0
13,408.924,-73.23,406.33,-69.534,Parallel_RC,1300.0,47.0
14,370.19,-74.211,360.673,-71.459,Parallel_RC,1300.0,47.0
0,1249.863,-18.971,1268.295,-19.921,Parallel_RC,1300.0,47.0
1,1180.555,-26.842,1179.401,-27.8,Parallel_RC,1300.0,47.0
2,1093.217,-33.209,1088.782,-33.584,Parallel_RC,1300.0,47.0
3,972.8,-39.237,999.398,-40.792,Parallel_RC,1300.0,47.0
4,918.2,-45.555,921.851,-46.315,Parallel_RC,1300.0,47.0
5,845.263,-47.828,841.634,-49.292,Parallel_RC,1300.0,47.0
6,769.879,-51.44,776.1,-53.415,Parallel_RC,1300.0,47.0
7,712.704,-54.25,715.291,-57.112,Parallel_RC,1300.0,47.0
8,643.677,-57.312,656.682,-58.922,Parallel_RC,1300.0,47.0
9,619.302,-59.382,603.387,-61.464,Parallel_RC,1300.0,47.0
10,536.79,-63.237,534.138,-65.13,Parallel_RC,1300.0,47.0
11,497.458,-64.563,502.539,-66.94,Parallel_RC,1300.0,47.0
12,450.188,-66.305,455.196,-68.5,Parallel_RC,1300.0,47.0
13,403.753,-66.577,406.327,-69.531,Parallel_RC,1300.0,47.0
14,365.733,-70.94,360.678,-71.457,Parallel_RC,1300.0,47.0
0,1287.827,-20.156,1268.314,-19.921,Parallel_RC,1300.0,47.0
1,1198.163,-28.386,1179.42,-27.81,Parallel_RC,1300.0,47.0
2,1114.3,-35.523,1088.807,-33.586,Parallel_RC,1300.0,47.0
3,1026.705,-42.15,999.425,-40.793,Parallel_RC,1300.0,47.0
4,923.603,-46.98,921.853,-46.315,Parallel_RC,1300.0,47.0
5,849.908,-51.337,841.642,-49.294,Parallel_RC,1300.0,47.0
6,795.91,-54.994,776.29,-53.417,Parallel_RC,1300.0,47.0
7,730.45,-58.123,715.306,-57.113,Parallel_RC,1300.0,47.0
8,673.93,-60.334,656.698,-58.924,Parallel_RC,1300.0,47.0
9,620.484,-63.116,603.404,-61.466,Parallel_RC,1300.0,47.0
10,546.934,-66.639,534.151,-65.131,Parallel_RC,1300.0,47.0
11,511.465,-68.181,502.548,-66.96,Parallel_RC,1300.0,47.0
12,457.267,-70.148,455.198,-68.52,Parallel_RC,1300.0,47.0
13,409.204,-72.437,406.33,-69.534,Parallel_RC,1300.0,47.0
14,370.592,-73.791,360.688,-71.46,Parallel_RC,1300.0,47.0
0,1272.558,-19.621,1268.318,-19.921,Parallel_RC,1300.0,47.0
1,1184.723,-26.97,1179.425,-27.81,Parallel_RC,1300.0,47.0
2,1095.677,-33.468,1088.814,-33.586,Parallel_RC,1300.0,47.0
3,996.215,-41.131,999.422,-40.793,Parallel_RC,1300.0,47.0
4,916.6,-46.18,921.847,-46.315,Parallel_RC,1300.0,47.0
5,839.729,-49.39,841.64,-49.294,Parallel_RC,1300.0,47.0
6,774.879,-53.384,776.28,-53.417,Parallel_RC,1300.0,47.0
7,711.331,-56.882,715.302,-57.113,Parallel_RC,1300.0,47.0
8,656.702,-58.984,656.698,-58.924,Parallel_RC,1300.0,47.0
9,606.4,-61.489,603.406,-61.466,Parallel_RC,1300.0,47.0
10,536.6,-64.786,534.153,-65.131,Parallel_RC,1300.0,47.0
11,503.543,-66.9,502.549,-66.96,Parallel_RC,1300.0,47.0
12,453.288,-68.352,455.196,-68.52,Parallel_RC,1300.0,47.0
13,406.804,-69.589,406.331,-69.534,Parallel_RC,1300.0,47.0
14,362.344,-71.454,360.69,-71.46,Parallel_RC,1300.0,47.0
0,1266.573,-18.995,1268.317,-19.92,Parallel_RC,1300.0,47.0
1,1181.25,-27.201,1179.427,-27.81,Parallel_RC,1300.0,47.0
2,1086.16,-33.19,1088.812,-33.586,Parallel_RC,1300.0,47.0
3,991.915,-40.875,999.414,-40.793,Parallel_RC,1300.0,47.0
4,922.8,-45.547,921.848,-46.314,Parallel_RC,1300.0,47.0
5,835.272,-48.443,841.634,-49.293,Parallel_RC,1300.0,47.0
6,762.945,-51.958,776.15,-53.415,Parallel_RC,1300.0,47.0
7,720.108,-56.8,715.307,-57.112,Parallel_RC,1300.0,47.0
8,655.302,-58.251,656.697,-58.923,Parallel_RC,1300.0,47.0
9,610.1,-60.19,603.413,-61.464,Parallel_RC,1300.0,47.0
10,533.87,-63.52,534.153,-65.129,Parallel_RC,1300.0,47.0
11,499.331,-64.359,502.545,-66.95,Parallel_RC,1300.0,47.0
12,448.449,-66.633,455.189,-68.51,Parallel_RC,1300.0,47.0
13,413.236,-69.434,406.338,-69.534,Parallel_RC,1300.0,47.0
14,363.57,-70.352,360.692,-71.459,Parallel_RC,1300.0,47.0
0,1274.328,-19.837,1268.323,-19.92,Parallel_RC,1300.0,47.0
1,1174.404,-28.541,1179.422,-27.83,Parallel_RC,1300.0,47.0
2,1089.254,-34.62,1088.812,-33.587,Parallel_RC,1300.0,47.0
3,992.104,-41.587,999.407,-40.794,Parallel_RC,1300.0,47.0
4,908.725,-47.207,921.835,-46.315,Parallel_RC,1300.0,47.0
5,834.723,-50.357,841.627,-49.295,Parallel_RC,1300.0,47.0
6,773.7,-54.486,776.12,-53.416,Parallel_RC,1300.0,47.0
7,717.4,-58.165,715.308,-57.113,Parallel_RC,1300.0,47.0
8,655.992,-60.245,656.696,-58.924,Parallel_RC,1300.0,47.0
9,605.211,-62.891,603.415,-61.466,Parallel_RC,1300.0,47.0
10,533.178,-66.599,534.152,-65.13,Parallel_RC,1300.0,47.0
11,502.726,-67.97,502.545,-66.96,Parallel_RC,1300.0,47.0
12,452.28,-70.442,455.186,-68.53,Parallel_RC,1300.0,47.0
13,406.342,-72.256,406.338,-69.537,Parallel_RC,1300.0,47.0
14,358.519,-74.571,360.69,-71.462,Parallel_RC,1300.0,47.0
0,1266.246,-19.439,1268.321,-19.919,Parallel_RC,1300.0,47.0
1,1177.539,-28.14,1179.42,-27.84,Parallel_RC,1300.0,47.0
2,1092.956,-34.78,1088.816,-33.587,Parallel_RC,1300.0,47.0
3,996.68,-40.875,999.404,-40.794,Parallel_RC,1300.0,47.0
4,912.195,-46.64,921.826,-46.316,Parallel_RC,1300.0,47.0
5,836.65,-49.77,841.621,-49.295,Parallel_RC,1300.0,47.0
6,775.177,-53.789,776.11,-53.417,Parallel_RC,1300.0,47.0
7,715.372,-57.571,715.308,-57.114,Parallel_RC,1300.0,47.0
8,659.936,-59.663,656.699,-58.925,Parallel_RC,1300.0,47.0
9,604.235,-61.987,603.416,-61.466,Parallel_RC,1300.0,47.0
10,531.742,-65.593,534.15,-65.131,Parallel_RC,1300.0,47.0
11,502.987,-66.763,502.546,-66.97,Parallel_RC,1300.0,47.0
12,453.849,-69.663,455.185,-68.55,Parallel_RC,1300.0,47.0
13,409.591,-70.86,406.341,-69.538,Parallel_RC,1300.0,47.0
14,361.701,-72.938,360.691,-71.463,Parallel_RC,1300.0,47.0
0,1281.801,-20.347,1268.334,-19.92,Parallel_RC,1300.0,47.0
1,1207.72,-28.807,1179.448,-27.85,Parallel_RC,1300.0,47.0
2,1103.308,-36.235,1088.831,-33.59,Parallel_RC,1300.0,47.0
3,1006.234,-43.2,999.411,-40.796,Parallel_RC,1300.0,47.0
4,916.621,-47.615,921.82,-46.317,Parallel_RC,1300.0,47.0
5,843.818,-52.198,841.624,-49.298,Parallel_RC,1300.0,47.0
6,784.496,-55.791,776.2,-53.419,Parallel_RC,1300.0,47.0
7,720.598,-59.143,715.314,-57.116,Parallel_RC,1300.0,47.0
8,664.799,-61.617,656.708,-58.928,Parallel_RC,1300.0,47.0
9,614.706,-64.653,603.427,-61.47,Parallel_RC,1300.0,47.0
10,538.375,-67.946,534.154,-65.134,Parallel_RC,1300.0,47.0
11,506.816,-69.785,502.55,-66.101,Parallel_RC,1300.0,47.0
12,450.51,-71.642,455.18,-68.58,Parallel_RC,1300.0,47.0
13,403.195,-74.973,406.338,-69.544,Parallel_RC,1300.0,47.0
14,365.29,-76.179,360.695,-71.468,Parallel_RC,1300.0,47.0
0,1253.166,-19.504,1268.319,-19.919,Parallel_RC,1300.0,47.0
1,1192.301,-27.335,1179.461,-27.86,Parallel_RC,1300.0,47.0
2,1092.922,-33.589,1088.835,-33.59,Parallel_RC,1300.0,47.0
3,1000.101,-40.367,999.412,-40.796,Parallel_RC,1300.0,47.0
4,903.986,-46.25,921.803,-46.317,Parallel_RC,1300.0,47.0
5,838.122,-49.559,841.62,-49.298,Parallel_RC,1300.0,47.0
6,768.455,-53.395,776.12,-53.419,Parallel_RC,1300.0,47.0
7,711.651,-56.981,715.31,-57.116,Parallel_RC,1300.0,47.0
8,655.196,-59.37,656.706,-58.928,Parallel_RC,1300.0,47.0
9,602.4,-61.216,603.426,-61.469,Parallel_RC,1300.0,47.0
10,529.106,-64.993,534.149,-65.134,Parallel_RC,1300.0,47.0
11,500.294,-66.95,502.548,-66.101,Parallel_RC,1300.0,47.0
12,453.447,-68.493,455.178,-68.59,Parallel_RC,1300.0,47.0
13,406.75,-69.985,406.337,-69.544,Parallel_RC,1300.0,47.0
14,359.95,-72.33,360.695,-71.468,Parallel_RC,1300.0,47.0
0,1267.473,-20.375,1268.318,-19.92,Parallel_RC,1300.0,47.0
1,1184.682,-28.302,1179.467,-27.87,Parallel_RC,1300.0,47.0
2,1095.956,-34.712,1088.842,-33.591,Parallel_RC,1300.0,47.0
3,991.858,-41.15,999.404,-40.796,Parallel_RC,1300.0,47.0
4,909.692,-47.2,921.791,-46.318,Parallel_RC,1300.0,47.0
5,837.276,-50.679,841.616,-49.3,Parallel_RC,1300.0,47.0
6,777.251,-54.835,776.13,-53.42,Parallel_RC,1300.0,47.0
7,711.438,-58.218,715.306,-57.117,Parallel_RC,1300.0,47.0
8,652.399,-60.611,656.702,-58.93,Parallel_RC,1300.0,47.0
9,602.543,-62.847,603.425,-61.471,Parallel_RC,1300.0,47.0
10,536.474,-66.425,534.151,-65.135,Parallel_RC,1300.0,47.0
11,501.813,-67.903,502.547,-66.103,Parallel_RC,1300.0,47.0
12,453.772,-69.936,455.177,-68.6,Parallel_RC,1300.0,47.0
13,403.507,-72.116,406.335,-69.547,Parallel_RC,1300.0,47.0
14,360.812,-74.71,360.695,-71.471,Parallel_RC,1300.0,47.0
0,1351.92,-25.395,1268.401,-19.925,Parallel_RC,1300.0,47.0
1,1272.697,-30.652,1179.56,-27.9,Parallel_RC,1300.0,47.0
2,1156.995,-47.81,1088.91,-33.605,Parallel_RC,1300.0,47.0
3,1004.11,-42.357,999.409,-40.798,Parallel_RC,1300.0,47.0
4,886.51,-51.213,921.755,-46.323,Parallel_RC,1300.0,47.0
5,861.164,-58.817,841.635,-49.309,Parallel_RC,1300.0,47.0
6,1020.13,-71.164,776.257,-53.438,Parallel_RC,1300.0,47.0
7,612.548,-78.213,715.204,-57.138,Parallel_RC,1300.0,47.0
8,677.967,-79.537,656.723,-58.95,Parallel_RC,1300.0,47.0
9,705.702,-77.18,603.527,-61.486,Parallel_RC,1300.0,47.0
10,507.653,-102.32,534.125,-65.172,Parallel_RC,1300.0,47.0
11,520.52,-105.618,502.565,-66.142,Parallel_RC,1300.0,47.0
12,449.958,-98.158,455.172,-68.91,Parallel_RC,1300.0,47.0
13,436.781,-104.998,406.365,-69.582,Parallel_RC,1300.0,47.0
14,467.366,-113.536,360.802,-71.513,Parallel_RC,1300.0,47.0
0,1309.375,-24.337,1268.442,-19.93,Parallel_RC,1300.0,47.0
1,1264.98,-32.493,1179.645,-27.96,Parallel_RC,1300.0,47.0
2,1142.869,-45.989,1088.964,-33.617,Parallel_RC,1300.0,47.0
3,1000.694,-44.393,999.41,-40.801,Parallel_RC,1300.0,47.0
4,913.523,-52.44,921.747,-46.329,Parallel_RC,1300.0,47.0
5,895.469,-59.24,841.689,-49.319,Parallel_RC,1300.0,47.0
6,1037.364,-73.348,776.518,-53.458,Parallel_RC,1300.0,47.0
7,596.455,-76.161,715.85,-57.157,Parallel_RC,1300.0,47.0
8,672.257,-76.931,656.739,-58.968,Parallel_RC,1300.0,47.0
9,677.619,-78.575,603.601,-61.503,Parallel_RC,1300.0,47.0
10,508.419,-99.277,534.99,-65.206,Parallel_RC,1300.0,47.0
11,540.592,-103.404,502.603,-66.179,Parallel_RC,1300.0,47.0
12,472.2,-100.25,455.189,-68.122,Parallel_RC,1300.0,47.0
13,457.361,-102.553,406.416,-69.615,Parallel_RC,1300.0,47.0
14,498.367,-112.586,360.939,-71.554,Parallel_RC,1300.0,47.0
0,1294.835,-25.61,1268.468,-19.935,Parallel_RC,1300.0,47.0
1,1149.83,-36.42,1179.615,-27.105,Parallel_RC,1300.0,47.0
2,1057.407,-44.58,1088.932,-33.628,Parallel_RC,1300.0,47.0
3,1010.861,-54.59,999.421,-40.815,Parallel_RC,1300.0,47.0
4,884.821,-64.66,921.71,-46.347,Parallel_RC,1300.0,47.0
5,867.75,-70.693,841.715,-49.34,Parallel_RC,1300.0,47.0
6,794.383,-75.938,776.536,-53.481,Parallel_RC,1300.0,47.0
7,713.967,-84.11,715.84,-57.184,Parallel_RC,1300.0,47.0
8,669.512,-87.872,656.751,-58.997,Parallel_RC,1300.0,47.0
9,595.93,-92.574,603.593,-61.534,Parallel_RC,1300.0,47.0
10,531.588,-104.399,534.96,-65.245,Parallel_RC,1300.0,47.0
11,514.114,-107.941,502.614,-66.221,Parallel_RC,1300.0,47.0
12,462.556,-111.777,455.196,-68.166,Parallel_RC,1300.0,47.0
13,419.74,-121.281,406.429,-69.667,Parallel_RC,1300.0,47.0
14,354.932,-127.24,360.933,-71.61,Parallel_RC,1300.0,47.0
0,1272.992,-20.17,1268.473,-19.936,Parallel_RC,1300.0,47.0
1,1199.818,-28.62,1179.635,-27.106,Parallel_RC,1300.0,47.0
2,1088.451,-34.783,1088.932,-33.629,Parallel_RC,1300.0,47.0
3,987.462,-41.949,999.409,-40.816,Parallel_RC,1300.0,47.0
4,913.736,-47.0,921.702,-46.347,Parallel_RC,1300.0,47.0
5,836.745,-50.465,841.71,-49.341,Parallel_RC,1300.0,47.0
6,774.363,-55.0,776.534,-53.482,Parallel_RC,1300.0,47.0
7,713.408,-58.294,715.82,-57.185,Parallel_RC,1300.0,47.0
8,653.555,-60.421,656.748,-58.999,Parallel_RC,1300.0,47.0
9,603.287,-63.156,603.593,-61.536,Parallel_RC,1300.0,47.0
10,530.444,-66.594,534.93,-65.247,Parallel_RC,1300.0,47.0
11,502.65,-68.134,502.614,-66.223,Parallel_RC,1300.0,47.0
12,451.816,-70.277,455.193,-68.168,Parallel_RC,1300.0,47.0
13,406.318,-72.619,406.429,-69.67,Parallel_RC,1300.0,47.0
14,360.194,-73.822,360.932,-71.612,Parallel_RC,1300.0,47.0
0,1260.96,-18.455,1268.464,-19.934,Parallel_RC,1300.0,47.0
1,1186.453,-26.452,1179.642,-27.105,Parallel_RC,1300.0,47.0
2,1069.263,-32.959,1088.912,-33.628,Parallel_RC,1300.0,47.0
3,974.696,-38.765,999.385,-40.814,Parallel_RC,1300.0,47.0
4,901.31,-46.152,921.681,-46.347,Parallel_RC,1300.0,47.0
5,858.71,-48.409,841.727,-49.34,Parallel_RC,1300.0,47.0
6,763.545,-50.83,776.521,-53.479,Parallel_RC,1300.0,47.0
7,709.111,-54.517,715.76,-57.182,Parallel_RC,1300.0,47.0
8,636.738,-57.169,656.728,-58.997,Parallel_RC,1300.0,47.0
9,618.611,-58.204,603.608,-61.533,Parallel_RC,1300.0,47.0
10,534.624,-62.747,534.93,-65.244,Parallel_RC,1300.0,47.0
11,488.26,-65.108,502.6,-66.222,Parallel_RC,1300.0,47.0
12,459.971,-65.225,455.197,-68.165,Parallel_RC,1300.0,47.0
13,394.32,-65.561,406.417,-69.666,Parallel_RC,1300.0,47.0
14,370.329,-67.81,360.942,-71.608,Parallel_RC,1300.0,47.0
0,1262.943,-19.856,1268.459,-19.934,Parallel_RC,1300.0,47.0
1,1187.282,-28.258,1179.649,-27.107,Parallel_RC,1300.0,47.0
2,1098.57,-33.533,1088.922,-33.628,Parallel_RC,1300.0,47.0
3,991.847,-40.503,999.377,-40.813,Parallel_RC,1300.0,47.0
4,916.645,-46.619,921.676,-46.347,Parallel_RC,1300.0,47.0
5,838.481,-49.229,841.724,-49.34,Parallel_RC,1300.0,47.0
6,774.418,-53.362,776.519,-53.479,Parallel_RC,1300.0,47.0
7,714.743,-56.834,715.76,-57.182,Parallel_RC,1300.0,47.0
8,658.999,-58.803,656.73,-58.997,Parallel_RC,1300.0,47.0
9,604.782,-61.87,603.609,-61.532,Parallel_RC,1300.0,47.0
10,530.816,-65.29,534.9,-65.244,Parallel_RC,1300.0,47.0
11,504.129,-66.13,502.602,-66.222,Parallel_RC,1300.0,47.0
12,455.287,-68.166,455.197,-68.165,Parallel_RC,1300.0,47.0
13,407.76,-69.967,406.418,-69.666,Parallel_RC,1300.0,47.0
14,361.525,-71.922,360.942,-71.609,Parallel_RC,1300.0,47.0
0,1278.355,-19.415,1268.469,-19.934,Parallel_RC,1300.0,47.0
1,1177.239,-28.109,1179.647,-27.108,Parallel_RC,1300.0,47.0
2,1122.343,-33.578,1088.955,-33.628,Parallel_RC,1300.0,47.0
3,999.833,-38.702,999.378,-40.811,Parallel_RC,1300.0,47.0
4,913.515,-41.891,921.668,-46.343,Parallel_RC,1300.0,47.0
5,807.195,-44.427,841.689,-49.335,Parallel_RC,1300.0,47.0
6,792.251,-50.778,776.535,-53.476,Parallel_RC,1300.0,47.0
7,693.863,-52.91,715.54,-57.178,Parallel_RC,1300.0,47.0
8,699.243,-53.471,656.773,-58.991,Parallel_RC,1300.0,47.0
9,575.651,-56.9,603.581,-61.527,Parallel_RC,1300.0,47.0
10,494.253,-57.417,534.5,-65.236,Parallel_RC,1300.0,47.0
11,536.414,-58.523,502.635,-66.214,Parallel_RC,1300.0,47.0
12,449.352,-59.999,455.192,-68.157,Parallel_RC,1300.0,47.0
13,410.503,-63.197,406.422,-69.659,Parallel_RC,1300.0,47.0
14,364.764,-63.556,360.946,-71.6,Parallel_RC,1300.0,47.0
0,1331.213,-25.226,1268.531,-19.939,Parallel_RC,1300.0,47.0
1,1305.911,-34.672,1179.773,-27.115,Parallel_RC,1300.0,47.0
2,1096.654,-35.848,1088.963,-33.63,Parallel_RC,1300.0,47.0
3,994.603,-46.727,999.373,-40.817,Parallel_RC,1300.0,47.0
4,1021.9,-57.409,921.767,-46.354,Parallel_RC,1300.0,47.0
5,1031.26,-73.254,841.879,-49.359,Parallel_RC,1300.0,47.0
6,661.355,-66.56,776.419,-53.489,Parallel_RC,1300.0,47.0
7,791.94,-82.96,715.131,-57.203,Parallel_RC,1300.0,47.0
8,574.887,-80.635,656.691,-59.13,Parallel_RC,1300.0,47.0
9,628.459,-83.524,603.606,-61.549,Parallel_RC,1300.0,47.0
10,629.4,-93.34,534.145,-65.264,Parallel_RC,1300.0,47.0
11,467.119,-96.23,502.6,-66.244,Parallel_RC,1300.0,47.0
12,490.439,-99.423,455.227,-68.188,Parallel_RC,1300.0,47.0
13,459.976,-110.949,406.475,-69.701,Parallel_RC,1300.0,47.0
14,386.2,-103.402,360.971,-71.632,Parallel_RC,1300.0,47.0
0,1321.791,-25.26,1268.585,-19.944,Parallel_RC,1300.0,47.0
1,1296.955,-34.875,1179.89,-27.123,Parallel_RC,1300.0,47.0
2,1105.813,-36.13,1088.98,-33.633,Parallel_RC,1300.0,47.0
3,1003.428,-46.419,999.377,-40.823,Parallel_RC,1300.0,47.0
4,1034.648,-57.425,921.88,-46.365,Parallel_RC,1300.0,47.0
5,1040.83,-74.14,842.77,-49.384,Parallel_RC,1300.0,47.0
6,653.447,-65.967,776.296,-53.501,Parallel_RC,1300.0,47.0
7,787.281,-83.981,715.203,-57.23,Parallel_RC,1300.0,47.0
8,568.4,-79.791,656.602,-59.34,Parallel_RC,1300.0,47.0
9,617.224,-82.986,603.62,-61.57,Parallel_RC,1300.0,47.0
10,616.758,-93.753,534.228,-65.292,Parallel_RC,1300.0,47.0
11,470.3,-94.916,502.567,-66.273,Parallel_RC,1300.0,47.0
12,477.519,-99.324,455.249,-68.22,Parallel_RC,1300.0,47.0
13,463.324,-109.312,406.532,-69.74,Parallel_RC,1300.0,47.0
14,378.166,-104.744,360.988,-71.665,Parallel_RC,1300.0,47.0
0,1256.628,-19.446,1268.573,-19.944,Parallel_RC,1300.0,47.0
1,1187.147,-27.987,1179.897,-27.124,Parallel_RC,1300.0,47.0
2,1098.204,-34.265,1088.989,-33.634,Parallel_RC,1300.0,47.0
3,983.188,-40.458,999.361,-40.822,Parallel_RC,1300.0,47.0
4,916.446,-46.673,921.875,-46.365,Parallel_RC,1300.0,47.0
5,841.0,-48.793,842.76,-49.383,Parallel_RC,1300.0,47.0
6,776.82,-52.9,776.296,-53.501,Parallel_RC,1300.0,47.0
7,721.447,-56.768,715.21,-57.23,Parallel_RC,1300.0,47.0
8,659.45,-58.551,656.605,-59.33,Parallel_RC,1300.0,47.0
9,604.537,-61.712,603.621,-61.57,Parallel_RC,1300.0,47.0
10,538.723,-64.64,534.232,-65.292,Parallel_RC,1300.0,47.0
11,503.253,-65.873,502.568,-66.272,Parallel_RC,1300.0,47.0
12,451.572,-67.994,455.245,-68.219,Parallel_RC,1300.0,47.0
13,410.567,-69.67,406.536,-69.74,Parallel_RC,1300.0,47.0
14,355.912,-71.533,360.983,-71.665,Parallel_RC,1300.0,47.0
0,1266.362,-19.7,1268.57,-19.943,Parallel_RC,1300.0,47.0
1,1177.641,-27.314,1179.895,-27.124,Parallel_RC,1300.0,47.0
2,1092.726,-33.835,1088.993,-33.634,Parallel_RC,1300.0,47.0
3,988.651,-40.809,999.35,-40.822,Parallel_RC,1300.0,47.0
4,920.35,-46.686,921.873,-46.366,Parallel_RC,1300.0,47.0
5,842.366,-49.51,842.76,-49.383,Parallel_RC,1300.0,47.0
6,772.285,-53.515,776.292,-53.501,Parallel_RC,1300.0,47.0
7,711.64,-57.1,715.206,-57.229,Parallel_RC,1300.0,47.0
8,658.132,-59.551,656.606,-59.34,Parallel_RC,1300.0,47.0
9,600.144,-61.219,603.617,-61.57,Parallel_RC,1300.0,47.0
10,527.461,-64.83,534.226,-65.291,Parallel_RC,1300.0,47.0
11,499.247,-66.664,502.565,-66.273,Parallel_RC,1300.0,47.0
12,450.409,-68.553,455.241,-68.22,Parallel_RC,1300.0,47.0
13,405.383,-70.191,406.535,-69.741,Parallel_RC,1300.0,47.0
14,357.927,-71.745,360.98,-71.665,Parallel_RC,1300.0,47.0
0,1278.515,-19.914,1268.58,-19.943,Parallel_RC,1300.0,47.0
1,1182.375,-28.313,1179.898,-27.125,Parallel_RC,1300.0,47.0
2,1093.379,-34.614,1088.997,-33.635,Parallel_RC,1300.0,47.0
3,995.344,-41.174,999.346,-40.823,Parallel_RC,1300.0,47.0
4,912.38,-47.382,921.863,-46.367,Parallel_RC,1300.0,47.0
5,835.646,-50.536,842.7,-49.385,Parallel_RC,1300.0,47.0
6,776.445,-54.363,776.292,-53.502,Parallel_RC,1300.0,47.0
7,711.606,-58.55,715.202,-57.23,Parallel_RC,1300.0,47.0
8,655.413,-60.375,656.605,-59.35,Parallel_RC,1300.0,47.0
9,599.668,-62.923,603.613,-61.571,Parallel_RC,1300.0,47.0
10,532.44,-66.264,534.224,-65.292,Parallel_RC,1300.0,47.0
11,498.292,-68.9,502.56,-66.275,Parallel_RC,1300.0,47.0
12,453.45,-70.262,455.238,-68.222,Parallel_RC,1300.0,47.0
13,404.483,-71.961,406.533,-69.743,Parallel_RC,1300.0,47.0
14,360.437,-74.58,360.98,-71.668,Parallel_RC,1300.0,47.0
0,1273.557,-20.306,1268.585,-19.944,Parallel_RC,1300.0,47.0
1,1172.682,-33.347,1179.89,-27.131,Parallel_RC,1300.0,47.0
2,1199.944,-42.446,1089.108,-33.644,Parallel_RC,1300.0,47.0
3,947.358,-45.5,999.294,-40.827,Parallel_RC,1300.0,47.0
4,889.941,-55.929,921.831,-46.376,Parallel_RC,1300.0,47.0
5,931.254,-62.827,842.159,-49.398,Parallel_RC,1300.0,47.0
6,945.634,-74.6,776.462,-53.523,Parallel_RC,1300.0,47.0
7,619.441,-73.617,715.107,-57.247,Parallel_RC,1300.0,47.0
8,706.833,-74.854,656.655,-59.51,Parallel_RC,1300.0,47.0
9,654.878,-75.757,603.665,-61.586,Parallel_RC,1300.0,47.0
10,558.873,-99.696,534.248,-65.327,Parallel_RC,1300.0,47.0
11,553.286,-108.704,502.611,-66.317,Parallel_RC,1300.0,47.0
12,414.592,-101.304,455.198,-68.255,Parallel_RC,1300.0,47.0
13,442.433,-110.411,406.569,-69.784,Parallel_RC,1300.0,47.0
14,417.5,-117.659,361.36,-71.714,Parallel_RC,1300.0,47.0
0,1288.532,-20.827,1268.605,-19.945,Parallel_RC,1300.0,47.0
1,1202.473,-29.609,1179.913,-27.134,Parallel_RC,1300.0,47.0
2,1110.206,-36.329,1089.129,-33.646,Parallel_RC,1300.0,47.0
3,1013.917,-43.126,999.309,-40.83,Parallel_RC,1300.0,47.0
4,930.921,-48.314,921.84,-46.378,Parallel_RC,1300.0,47.0
5,840.599,-52.73,842.157,-49.401,Parallel_RC,1300.0,47.0
6,792.556,-56.874,776.478,-53.526,Parallel_RC,1300.0,47.0
7,724.302,-60.55,715.116,-57.25,Parallel_RC,1300.0,47.0
8,672.554,-61.706,656.671,-59.53,Parallel_RC,1300.0,47.0
9,612.417,-65.141,603.674,-61.589,Parallel_RC,1300.0,47.0
10,542.764,-67.917,534.257,-65.329,Parallel_RC,1300.0,47.0
11,503.335,-69.958,502.612,-66.321,Parallel_RC,1300.0,47.0
12,450.665,-72.86,455.193,-68.259,Parallel_RC,1300.0,47.0
13,404.873,-74.719,406.567,-69.788,Parallel_RC,1300.0,47.0
14,369.64,-75.813,361.44,-71.718,Parallel_RC,1300.0,47.0
0,1291.723,-20.102,1268.629,-19.945,Parallel_RC,1300.0,47.0
1,1212.394,-28.779,1179.945,-27.136,Parallel_RC,1300.0,47.0
2,1117.132,-35.645,1089.157,-33.648,Parallel_RC,1300.0,47.0
3,1011.989,-42.866,999.321,-40.832,Parallel_RC,1300.0,47.0
4,927.787,-47.265,921.846,-46.379,Parallel_RC,1300.0,47.0
5,853.21,-50.972,842.169,-49.402,Parallel_RC,1300.0,47.0
6,791.139,-55.178,776.492,-53.528,Parallel_RC,1300.0,47.0
7,729.721,-58.433,715.13,-57.251,Parallel_RC,1300.0,47.0
8,672.912,-60.157,656.687,-59.55,Parallel_RC,1300.0,47.0
9,614.393,-62.766,603.684,-61.59,Parallel_RC,1300.0,47.0
10,546.807,-66.172,534.269,-65.33,Parallel_RC,1300.0,47.0
11,512.628,-68.223,502.622,-66.322,Parallel_RC,1300.0,47.0
12,457.396,-70.357,455.195,-68.261,Parallel_RC,1300.0,47.0
13,407.857,-72.477,406.569,-69.791,Parallel_RC,1300.0,47.0
14,370.584,-74.113,361.53,-71.721,Parallel_RC,1300.0,47.0
0,1258.695,-19.562,1268.619,-19.944,Parallel_RC,1300.0,47.0
1,1194.45,-27.446,1179.96,-27.136,Parallel_RC,1300.0,47.0
2,1098.367,-33.703,1089.167,-33.648,Parallel_RC,1300.0,47.0
3,991.423,-40.119,999.313,-40.831,Parallel_RC,1300.0,47.0
4,913.986,-46.101,921.838,-46.379,Parallel_RC,1300.0,47.0
5,839.818,-49.255,842.166,-49.402,Parallel_RC,1300.0,47.0
6,776.577,-53.525,776.492,-53.528,Parallel_RC,1300.0,47.0
7,716.25,-56.866,715.132,-57.25,Parallel_RC,1300.0,47.0
8,656.933,-58.851,656.688,-59.54,Parallel_RC,1300.0,47.0
9,604.331,-61.517,603.685,-61.59,Parallel_RC,1300.0,47.0
10,532.446,-64.722,534.268,-65.33,Parallel_RC,1300.0,47.0
11,504.82,-66.356,502.624,-66.323,Parallel_RC,1300.0,47.0
12,454.687,-68.65,455.195,-68.26,Parallel_RC,1300.0,47.0
13,406.744,-69.842,406.569,-69.791,Parallel_RC,1300.0,47.0
14,362.879,-71.972,361.55,-71.721,Parallel_RC,1300.0,47.0
0,1289.346,-19.974,1268.639,-19.944,Parallel_RC,1300.0,47.0
1,1268.275,-29.885,1180.48,-27.139,Parallel_RC,1300.0,47.0
2,1034.555,-39.888,1089.112,-33.655,Parallel_RC,1300.0,47.0
3,1007.676,-52.414,999.322,-40.843,Parallel_RC,1300.0,47.0
4,988.696,-61.94,921.905,-46.394,Parallel_RC,1300.0,47.0
5,954.705,-72.87,842.279,-49.426,Parallel_RC,1300.0,47.0
6,726.517,-68.388,776.442,-53.543,Parallel_RC,1300.0,47.0
7,803.665,-78.418,715.22,-57.271,Parallel_RC,1300.0,47.0
8,609.492,-85.86,656.641,-59.81,Parallel_RC,1300.0,47.0
9,695.468,-90.764,603.777,-61.619,Parallel_RC,1300.0,47.0
10,769.427,-100.191,534.503,-65.364,Parallel_RC,1300.0,47.0
11,407.96,-101.487,502.529,-66.358,Parallel_RC,1300.0,47.0
12,517.629,-110.84,455.257,-68.302,Parallel_RC,1300.0,47.0
13,405.999,-106.757,406.568,-69.828,Parallel_RC,1300.0,47.0
14,404.638,-111.993,361.99,-71.761,Parallel_RC,1300.0,47.0
0,1293.967,-19.776,1268.665,-19.944,Parallel_RC,1300.0,47.0
1,1273.636,-29.909,1180.142,-27.141,Parallel_RC,1300.0,47.0
2,1033.707,-39.711,1089.57,-33.661,Parallel_RC,1300.0,47.0
3,1005.402,-52.161,999.328,-40.854,Parallel_RC,1300.0,47.0
4,992.29,-61.663,921.976,-46.41,Parallel_RC,1300.0,47.0
5,959.683,-73.14,842.396,-49.449,Parallel_RC,1300.0,47.0
6,723.712,-68.95,776.39,-53.557,Parallel_RC,1300.0,47.0
7,798.609,-78.617,715.303,-57.293,Parallel_RC,1300.0,47.0
8,611.967,-85.502,656.596,-59.108,Parallel_RC,1300.0,47.0
9,699.243,-90.392,603.872,-61.648,Parallel_RC,1300.0,47.0
10,774.209,-99.698,534.742,-65.399,Parallel_RC,1300.0,47.0
11,406.162,-101.932,502.433,-66.393,Parallel_RC,1300.0,47.0
12,519.374,-110.678,455.321,-68.345,Parallel_RC,1300.0,47.0
13,403.133,-106.289,406.565,-69.865,Parallel_RC,1300.0,47.0
14,401.41,-112.5,361.139,-71.802,Parallel_RC,1300.0,47.0
0,1263.758,-19.96,1268.66,-19.944,Parallel_RC,1300.0,47.0
1,1176.827,-28.462,1180.138,-27.143,Parallel_RC,1300.0,47.0
2,1136.965,-36.19,1089.105,-33.663,Parallel_RC,1300.0,47.0
3,1021.52,-41.471,999.35,-40.854,Parallel_RC,1300.0,47.0
4,936.924,-47.61,921.991,-46.41,Parallel_RC,1300.0,47.0
5,860.607,-51.589,842.414,-49.451,Parallel_RC,1300.0,47.0
6,786.36,-56.159,776.4,-53.56,Parallel_RC,1300.0,47.0
7,739.94,-58.69,715.327,-57.294,Parallel_RC,1300.0,47.0
8,668.482,-61.8,656.608,-59.11,Parallel_RC,1300.0,47.0
9,620.805,-64.191,603.889,-61.651,Parallel_RC,1300.0,47.0
10,549.791,-66.551,534.757,-65.4,Parallel_RC,1300.0,47.0
11,512.858,-69.697,502.443,-66.397,Parallel_RC,1300.0,47.0
12,453.602,-69.882,455.32,-68.346,Parallel_RC,1300.0,47.0
13,413.231,-72.502,406.572,-69.867,Parallel_RC,1300.0,47.0
14,363.895,-75.967,361.142,-71.806,Parallel_RC,1300.0,47.0
0,1270.873,-19.918,1268.662,-19.944,Parallel_RC,1300.0,47.0
1,1195.913,-27.811,1180.154,-27.143,Parallel_RC,1300.0,47.0
2,1095.441,-34.14,1089.111,-33.663,Parallel_RC,1300.0,47.0
3,990.796,-40.477,999.341,-40.854,Parallel_RC,1300.0,47.0
4,918.879,-45.953,921.988,-46.41,Parallel_RC,1300.0,47.0
5,840.396,-49.33,842.412,-49.451,Parallel_RC,1300.0,47.0
6,777.712,-53.257,776.401,-53.56,Parallel_RC,1300.0,47.0
7,717.641,-56.881,715.33,-57.294,Parallel_RC,1300.0,47.0
8,663.143,-59.1,656.614,-59.11,Parallel_RC,1300.0,47.0
9,605.85,-61.51,603.891,-61.651,Parallel_RC,1300.0,47.0
10,535.216,-64.735,534.758,-65.399,Parallel_RC,1300.0,47.0
11,507.633,-65.906,502.449,-66.396,Parallel_RC,1300.0,47.0
12,455.469,-68.73,455.32,-68.347,Parallel_RC,1300.0,47.0
13,409.869,-70.297,406.575,-69.868,Parallel_RC,1300.0,47.0
14,364.621,-71.668,361.145,-71.806,Parallel_RC,1300.0,47.0
0,1262.107,-19.795,1268.655,-19.944,Parallel_RC,1300.0,47.0
1,1181.2,-27.43,1180.155,-27.143,Parallel_RC,1300.0,47.0
2,1082.6,-33.958,1089.104,-33.664,Parallel_RC,1300.0,47.0
3,987.755,-40.268,999.33,-40.854,Parallel_RC,1300.0,47.0
4,915.24,-46.32,921.981,-46.41,Parallel_RC,1300.0,47.0
5,836.336,-49.27,842.406,-49.451,Parallel_RC,1300.0,47.0
6,771.34,-53.436,776.396,-53.559,Parallel_RC,1300.0,47.0
7,712.816,-56.937,715.327,-57.293,Parallel_RC,1300.0,47.0
8,656.946,-59.248,656.615,-59.11,Parallel_RC,1300.0,47.0
9,601.77,-61.449,603.889,-61.65,Parallel_RC,1300.0,47.0
10,530.202,-65.132,534.753,-65.399,Parallel_RC,1300.0,47.0
11,500.232,-66.347,502.446,-66.396,Parallel_RC,1300.0,47.0
12,455.362,-68.756,455.32,-68.347,Parallel_RC,1300.0,47.0
13,402.29,-70.333,406.571,-69.868,Parallel_RC,1300.0,47.0
14,358.167,-71.68,361.142,-71.806,Parallel_RC,1300.0,47.0
0,1281.136,-20.36,1268.668,-19.945,Parallel_RC,1300.0,47.0
1,1179.785,-28.337,1180.155,-27.144,Parallel_RC,1300.0,47.0
2,1114.219,-35.861,1089.129,-33.666,Parallel_RC,1300.0,47.0
3,1004.471,-42.681,999.335,-40.855,Parallel_RC,1300.0,47.0
4,919.796,-47.332,921.979,-46.411,Parallel_RC,1300.0,47.0
5,844.206,-52.36,842.408,-49.454,Parallel_RC,1300.0,47.0
6,787.288,-56.81,776.407,-53.562,Parallel_RC,1300.0,47.0
7,719.39,-59.391,715.331,-57.296,Parallel_RC,1300.0,47.0
8,666.709,-61.806,656.625,-59.113,Parallel_RC,1300.0,47.0
9,605.395,-64.125,603.89,-61.653,Parallel_RC,1300.0,47.0
10,538.566,-68.298,534.757,-65.402,Parallel_RC,1300.0,47.0
11,508.34,-69.722,502.452,-66.399,Parallel_RC,1300.0,47.0
12,447.611,-71.626,455.312,-68.35,Parallel_RC,1300.0,47.0
13,408.42,-74.11,406.572,-69.872,Parallel_RC,1300.0,47.0
14,363.495,-77.1,361.145,-71.811,Parallel_RC,1300.0,47.0
0,1257.435,-19.62,1268.657,-19.944,Parallel_RC,1300.0,47.0
1,1177.536,-27.712,1180.152,-27.145,Parallel_RC,1300.0,47.0
2,1086.77,-33.845,1089.126,-33.666,Parallel_RC,1300.0,47.0
3,995.976,-40.496,999.332,-40.855,Parallel_RC,1300.0,47.0
4,914.584,-46.135,921.971,-46.41,Parallel_RC,1300.0,47.0
5,835.26,-49.273,842.401,-49.454,Parallel_RC,1300.0,47.0
6,771.319,-53.574,776.402,-53.562,Parallel_RC,1300.0,47.0
7,712.967,-56.976,715.328,-57.295,Parallel_RC,1300.0,47.0
8,653.85,-59.417,656.622,-59.113,Parallel_RC,1300.0,47.0
9,601.669,-61.671,603.888,-61.653,Parallel_RC,1300.0,47.0
10,534.9,-65.34,534.757,-65.402,Parallel_RC,1300.0,47.0
11,498.958,-66.107,502.449,-66.399,Parallel_RC,1300.0,47.0
12,453.199,-68.575,455.31,-68.351,Parallel_RC,1300.0,47.0
13,405.38,-70.552,406.571,-69.873,Parallel_RC,1300.0,47.0
14,359.896,-72.414,361.143,-71.812,Parallel_RC,1300.0,47.0
0,1300.408,-20.924,1268.688,-19.945,Parallel_RC,1300.0,47.0
1,1195.186,-29.797,1180.167,-27.148,Parallel_RC,1300.0,47.0
2,1116.398,-36.398,1089.153,-33.669,Parallel_RC,1300.0,47.0
3,1023.239,-43.404,999.355,-40.858,Parallel_RC,1300.0,47.0
4,921.851,-48.605,921.971,-46.412,Parallel_RC,1300.0,47.0
5,849.37,-52.611,842.407,-49.457,Parallel_RC,1300.0,47.0
6,790.665,-56.494,776.416,-53.565,Parallel_RC,1300.0,47.0
7,724.354,-59.412,715.337,-57.297,Parallel_RC,1300.0,47.0
8,669.197,-61.73,656.634,-59.116,Parallel_RC,1300.0,47.0
9,614.164,-64.503,603.898,-61.656,Parallel_RC,1300.0,47.0
10,542.453,-68.299,534.765,-65.404,Parallel_RC,1300.0,47.0
11,505.159,-70.18,502.451,-66.403,Parallel_RC,1300.0,47.0
12,449.551,-71.886,455.304,-68.354,Parallel_RC,1300.0,47.0
13,407.28,-74.975,406.572,-69.878,Parallel_RC,1300.0,47.0
14,369.796,-76.592,361.152,-71.816,Parallel_RC,1300.0,47.0
0,1259.244,-19.285,1268.679,-19.945,Parallel_RC,1300.0,47.0
1,1197.884,-27.385,1180.185,-27.148,Parallel_RC,1300.0,47.0
2,1097.731,-33.635,1089.162,-33.669,Parallel_RC,1300.0,47.0
3,985.787,-39.906,999.342,-40.857,Parallel_RC,1300.0,47.0
4,913.76,-45.975,921.963,-46.412,Parallel_RC,1300.0,47.0
5,837.608,-48.992,842.402,-49.456,Parallel_RC,1300.0,47.0
6,774.91,-53.468,776.414,-53.565,Parallel_RC,1300.0,47.0
7,715.245,-56.676,715.337,-57.297,Parallel_RC,1300.0,47.0
8,657.396,-59.1,656.635,-59.116,Parallel_RC,1300.0,47.0
9,605.617,-61.372,603.9,-61.655,Parallel_RC,1300.0,47.0
10,533.695,-64.531,534.764,-65.404,Parallel_RC,1300.0,47.0
11,505.762,-65.879,502.455,-66.402,Parallel_RC,1300.0,47.0
12,457.751,-68.22,455.307,-68.354,Parallel_RC,1300.0,47.0
13,407.837,-69.922,406.573,-69.878,Parallel_RC,1300.0,47.0
14,366.4,-71.753,361.157,-71.816,Parallel_RC,1300.0,47.0
0,1273.988,-19.468,1268.684,-19.944,Parallel_RC,1300.0,47.0
1,1179.71,-28.124,1180.184,-27.149,Parallel_RC,1300.0,47.0
2,1100.24,-34.118,1089.173,-33.669,Parallel_RC,1300.0,47.0
3,996.11,-40.679,999.339,-40.856,Parallel_RC,1300.0,47.0
4,914.73,-46.142,921.956,-46.412,Parallel_RC,1300.0,47.0
5,841.274,-49.455,842.401,-49.456,Parallel_RC,1300.0,47.0
6,778.286,-53.222,776.416,-53.564,Parallel_RC,1300.0,47.0
7,715.356,-56.544,715.337,-57.296,Parallel_RC,1300.0,47.0
8,662.352,-59.85,656.641,-59.116,Parallel_RC,1300.0,47.0
9,608.494,-61.427,603.905,-61.655,Parallel_RC,1300.0,47.0
10,535.307,-64.711,534.765,-65.403,Parallel_RC,1300.0,47.0
11,506.495,-66.266,502.459,-66.402,Parallel_RC,1300.0,47.0
12,455.653,-68.214,455.307,-68.354,Parallel_RC,1300.0,47.0
13,408.936,-69.89,406.575,-69.878,Parallel_RC,1300.0,47.0
14,369.114,-71.606,361.165,-71.816,Parallel_RC,1300.0,47.0
0,1270.493,-19.302,1268.686,-19.943,Parallel_RC,1300.0,47.0
1,1182.32,-27.964,1180.185,-27.15,Parallel_RC,1300.0,47.0
2,1101.327,-33.31,1089.185,-33.669,Parallel_RC,1300.0,47.0
3,1002.507,-39.448,999.342,-40.855,Parallel_RC,1300.0,47.0
4,915.653,-43.929,921.949,-46.409,Parallel_RC,1300.0,47.0
5,821.987,-46.733,842.381,-49.454,Parallel_RC,1300.0,47.0
6,774.79,-51.57,776.414,-53.562,Parallel_RC,1300.0,47.0
7,706.209,-53.822,715.328,-57.292,Parallel_RC,1300.0,47.0
8,665.529,-55.884,656.65,-59.113,Parallel_RC,1300.0,47.0
9,601.993,-57.991,603.903,-61.651,Parallel_RC,1300.0,47.0
10,511.405,-60.153,534.741,-65.398,Parallel_RC,1300.0,47.0
11,520.212,-61.43,502.477,-66.397,Parallel_RC,1300.0,47.0
12,450.978,-62.764,455.303,-68.348,Parallel_RC,1300.0,47.0
13,412.987,-65.452,406.582,-69.874,Parallel_RC,1300.0,47.0
14,364.137,-66.8,361.168,-71.811,Parallel_RC,1300.0,47.0
0,1278.773,-19.301,1268.696,-19.943,Parallel_RC,1300.0,47.0
1,1240.81,-27.798,1180.245,-27.15,Parallel_RC,1300.0,47.0
2,1039.6,-37.493,1089.135,-33.672,Parallel_RC,1300.0,47.0
3,1007.808,-49.89,999.35,-40.863,Parallel_RC,1300.0,47.0
4,932.831,-55.718,921.96,-46.419,Parallel_RC,1300.0,47.0
5,911.913,-61.194,842.45,-49.465,Parallel_RC,1300.0,47.0
6,755.95,-62.633,776.394,-53.571,Parallel_RC,1300.0,47.0
7,798.435,-68.318,715.411,-57.304,Parallel_RC,1300.0,47.0
8,615.737,-75.538,656.609,-59.129,Parallel_RC,1300.0,47.0
9,660.891,-79.593,603.96,-61.669,Parallel_RC,1300.0,47.0
10,657.558,-83.676,534.864,-65.416,Parallel_RC,1300.0,47.0
11,442.783,-86.461,502.417,-66.417,Parallel_RC,1300.0,47.0
12,495.265,-92.392,455.343,-68.372,Parallel_RC,1300.0,47.0
13,395.32,-91.65,406.57,-69.895,Parallel_RC,1300.0,47.0
14,390.572,-95.23,361.197,-71.834,Parallel_RC,1300.0,47.0
0,1284.343,-20.74,1268.712,-19.943,Parallel_RC,1300.0,47.0
1,1197.607,-28.837,1180.263,-27.152,Parallel_RC,1300.0,47.0
2,1115.826,-35.558,1089.161,-33.674,Parallel_RC,1300.0,47.0
3,1021.232,-41.852,999.372,-40.864,Parallel_RC,1300.0,47.0
4,923.416,-47.259,921.962,-46.419,Parallel_RC,1300.0,47.0
5,850.857,-51.556,842.459,-49.467,Parallel_RC,1300.0,47.0
6,795.558,-54.986,776.413,-53.572,Parallel_RC,1300.0,47.0
7,730.466,-58.392,715.426,-57.305,Parallel_RC,1300.0,47.0
8,672.986,-60.149,656.625,-59.13,Parallel_RC,1300.0,47.0
9,618.514,-63.2,603.974,-61.671,Parallel_RC,1300.0,47.0
10,548.791,-66.864,534.878,-65.417,Parallel_RC,1300.0,47.0
11,512.393,-68.322,502.427,-66.419,Parallel_RC,1300.0,47.0
12,456.38,-70.268,455.344,-68.374,Parallel_RC,1300.0,47.0
13,411.882,-73.119,406.576,-69.899,Parallel_RC,1300.0,47.0
14,370.835,-73.839,361.207,-71.836,Parallel_RC,1300.0,47.0
0,1289.302,-20.208,1268.732,-19.943,Parallel_RC,1300.0,47.0
1,1187.898,-28.701,1180.27,-27.154,Parallel_RC,1300.0,47.0
2,1109.565,-35.66,1089.182,-33.676,Parallel_RC,1300.0,47.0
3,1018.48,-41.862,999.391,-40.865,Parallel_RC,1300.0,47.0
4,918.79,-47.76,921.959,-46.42,Parallel_RC,1300.0,47.0
5,847.833,-51.44,842.464,-49.469,Parallel_RC,1300.0,47.0
6,792.637,-54.932,776.429,-53.574,Parallel_RC,1300.0,47.0
7,727.152,-57.947,715.438,-57.305,Parallel_RC,1300.0,47.0
8,669.867,-60.607,656.639,-59.132,Parallel_RC,1300.0,47.0
9,616.832,-63.162,603.987,-61.672,Parallel_RC,1300.0,47.0
10,543.87,-66.562,534.886,-65.418,Parallel_RC,1300.0,47.0
11,509.95,-68.77,502.434,-66.421,Parallel_RC,1300.0,47.0
12,453.34,-70.538,455.342,-68.376,Parallel_RC,1300.0,47.0
13,407.949,-72.977,406.577,-69.902,Parallel_RC,1300.0,47.0
14,368.8,-74.483,361.214,-71.839,Parallel_RC,1300.0,47.0
0,1261.283,-19.624,1268.725,-19.943,Parallel_RC,1300.0,47.0
1,1175.292,-27.994,1180.265,-27.154,Parallel_RC,1300.0,47.0
2,1093.677,-34.477,1089.186,-33.677,Parallel_RC,1300.0,47.0
3,993.64,-40.527,999.384,-40.865,Parallel_RC,1300.0,47.0
4,908.58,-46.411,921.945,-46.42,Parallel_RC,1300.0,47.0
5,835.47,-49.966,842.457,-49.47,Parallel_RC,1300.0,47.0
6,774.791,-53.695,776.427,-53.574,Parallel_RC,1300.0,47.0
7,713.623,-57.484,715.436,-57.305,Parallel_RC,1300.0,47.0
8,657.29,-59.692,656.639,-59.132,Parallel_RC,1300.0,47.0
9,605.363,-62.82,603.989,-61.673,Parallel_RC,1300.0,47.0
10,535.37,-65.684,534.887,-65.419,Parallel_RC,1300.0,47.0
11,504.48,-66.605,502.435,-66.421,Parallel_RC,1300.0,47.0
12,454.106,-68.933,455.341,-68.377,Parallel_RC,1300.0,47.0
13,404.515,-70.861,406.575,-69.903,Parallel_RC,1300.0,47.0
14,366.654,-72.823,361.219,-71.84,Parallel_RC,1300.0,47.0
0,1288.769,-20.445,1268.745,-19.943,Parallel_RC,1300.0,47.0
1,1195.901,-28.721,1180.281,-27.156,Parallel_RC,1300.0,47.0
2,1120.217,-35.603,1089.217,-33.679,Parallel_RC,1300.0,47.0
3,1014.92,-41.982,999.399,-40.866,Parallel_RC,1300.0,47.0
4,923.965,-47.549,921.947,-46.421,Parallel_RC,1300.0,47.0
5,853.83,-51.228,842.468,-49.472,Parallel_RC,1300.0,47.0
6,795.695,-54.945,776.447,-53.575,Parallel_RC,1300.0,47.0
7,730.38,-58.198,715.451,-57.306,Parallel_RC,1300.0,47.0
8,672.6,-60.422,656.655,-59.133,Parallel_RC,1300.0,47.0
9,620.58,-62.963,604.5,-61.674,Parallel_RC,1300.0,47.0
10,546.839,-66.724,534.899,-65.42,Parallel_RC,1300.0,47.0
11,510.579,-68.302,502.443,-66.423,Parallel_RC,1300.0,47.0
12,456.374,-70.351,455.342,-68.379,Parallel_RC,1300.0,47.0
13,411.432,-73.93,406.58,-69.906,Parallel_RC,1300.0,47.0
14,374.292,-74.4,361.232,-71.842,Parallel_RC,1300.0,47.0
0,1276.912,-19.866,1268.753,-19.943,Parallel_RC,1300.0,47.0
1,1204.523,-28.322,1180.305,-27.157,Parallel_RC,1300.0,47.0
2,1111.989,-35.381,1089.24,-33.681,Parallel_RC,1300.0,47.0
3,1024.513,-41.933,999.424,-40.867,Parallel_RC,1300.0,47.0
4,920.886,-47.118,921.946,-46.422,Parallel_RC,1300.0,47.0
5,846.932,-51.61,842.473,-49.474,Parallel_RC,1300.0,47.0
6,790.362,-55.13,776.46,-53.577,Parallel_RC,1300.0,47.0
7,728.763,-58.169,715.464,-57.307,Parallel_RC,1300.0,47.0
8,669.417,-60.789,656.668,-59.135,Parallel_RC,1300.0,47.0
9,616.409,-63.114,604.17,-61.675,Parallel_RC,1300.0,47.0
10,543.787,-66.549,534.908,-65.421,Parallel_RC,1300.0,47.0
11,508.478,-68.441,502.449,-66.425,Parallel_RC,1300.0,47.0
12,453.635,-70.55,455.34,-68.381,Parallel_RC,1300.0,47.0
13,409.137,-72.762,406.582,-69.909,Parallel_RC,1300.0,47.0
14,369.628,-74.475,361.241,-71.845,Parallel_RC,1300.0,47.0
0,1266.51,-19.4,1268.75,-19.942,Parallel_RC,1300.0,47.0
1,1172.673,-27.152,1180.297,-27.157,Parallel_RC,1300.0,47.0
2,1100.933,-33.924,1089.252,-33.681,Parallel_RC,1300.0,47.0
3,993.179,-40.583,999.418,-40.867,Parallel_RC,1300.0,47.0
4,913.47,-45.737,921.937,-46.421,Parallel_RC,1300.0,47.0
5,838.813,-49.263,842.469,-49.474,Parallel_RC,1300.0,47.0
6,773.272,-53.302,776.457,-53.576,Parallel_RC,1300.0,47.0
7,714.111,-56.634,715.463,-57.306,Parallel_RC,1300.0,47.0
8,657.855,-59.106,656.669,-59.135,Parallel_RC,1300.0,47.0
9,608.512,-61.27,604.22,-61.675,Parallel_RC,1300.0,47.0
10,532.921,-64.727,534.906,-65.42,Parallel_RC,1300.0,47.0
11,501.745,-65.832,502.449,-66.424,Parallel_RC,1300.0,47.0
12,457.845,-67.9,455.342,-68.381,Parallel_RC,1300.0,47.0
13,407.891,-69.538,406.584,-69.908,Parallel_RC,1300.0,47.0
14,363.646,-71.709,361.243,-71.845,Parallel_RC,1300.0,47.0
0,1256.541,-18.853,1268.738,-19.941,Parallel_RC,1300.0,47.0
1,1184.63,-28.94,1180.301,-27.158,Parallel_RC,1300.0,47.0
2,1090.745,-33.774,1089.253,-33.681,Parallel_RC,1300.0,47.0
3,993.61,-40.607,999.412,-40.867,Parallel_RC,1300.0,47.0
4,908.293,-46.272,921.924,-46.421,Parallel_RC,1300.0,47.0
5,834.572,-49.394,842.461,-49.474,Parallel_RC,1300.0,47.0
6,771.906,-53.454,776.453,-53.576,Parallel_RC,1300.0,47.0
7,714.548,-57.84,715.462,-57.306,Parallel_RC,1300.0,47.0
8,654.189,-59.195,656.666,-59.135,Parallel_RC,1300.0,47.0
9,601.938,-61.289,604.19,-61.674,Parallel_RC,1300.0,47.0
10,530.207,-65.58,534.901,-65.42,Parallel_RC,1300.0,47.0
11,502.963,-66.88,502.449,-66.424,Parallel_RC,1300.0,47.0
12,453.445,-68.63,455.34,-68.381,Parallel_RC,1300.0,47.0
13,404.946,-70.24,406.582,-69.909,Parallel_RC,1300.0,47.0
14,359.551,-72.284,361.241,-71.845,Parallel_RC,1300.0,47.0
0,1263.347,-19.113,1268.733,-19.94,Parallel_RC,1300.0,47.0
1,1168.678,-27.508,1180.29,-27.158,Parallel_RC,1300.0,47.0
2,1101.52,-34.78,1089.265,-33.681,Parallel_RC,1300.0,47.0
3,985.557,-40.689,999.398,-40.866,Parallel_RC,1300.0,47.0
4,919.212,-45.751,921.921,-46.42,Parallel_RC,1300.0,47.0
5,840.606,-49.451,842.459,-49.473,Parallel_RC,1300.0,47.0
6,773.563,-52.975,776.45,-53.576,Parallel_RC,1300.0,47.0
7,716.299,-56.623,715.463,-57.306,Parallel_RC,1300.0,47.0
8,660.549,-59.5,656.67,-59.135,Parallel_RC,1300.0,47.0
9,605.785,-61.346,604.21,-61.674,Parallel_RC,1300.0,47.0
10,534.762,-64.537,534.901,-65.419,Parallel_RC,1300.0,47.0
11,502.284,-65.825,502.449,-66.423,Parallel_RC,1300.0,47.0
12,456.929,-68.454,455.342,-68.381,Parallel_RC,1300.0,47.0
13,407.524,-69.745,406.583,-69.909,Parallel_RC,1300.0,47.0
14,364.49,-71.6,361.244,-71.845,Parallel_RC,1300.0,47.0
0,1268.903,-19.625,1268.733,-19.94,Parallel_RC,1300.0,47.0
1,1177.181,-27.835,1180.286,-27.159,Parallel_RC,1300.0,47.0
2,1095.822,-33.852,1089.272,-33.682,Parallel_RC,1300.0,47.0
3,1001.326,-40.21,999.4,-40.866,Parallel_RC,1300.0,47.0
4,909.545,-46.262,921.908,-46.42,Parallel_RC,1300.0,47.0
5,838.611,-49.174,842.455,-49.473,Parallel_RC,1300.0,47.0
6,780.147,-53.446,776.454,-53.576,Parallel_RC,1300.0,47.0
7,713.613,-56.6,715.461,-57.305,Parallel_RC,1300.0,47.0
8,655.831,-58.812,656.669,-59.135,Parallel_RC,1300.0,47.0
9,602.98,-61.33,604.2,-61.674,Parallel_RC,1300.0,47.0
10,534.323,-64.722,534.9,-65.419,Parallel_RC,1300.0,47.0
11,501.396,-66.54,502.448,-66.423,Parallel_RC,1300.0,47.0
12,455.429,-68.252,455.342,-68.381,Parallel_RC,1300.0,47.0
13,405.449,-70.99,406.582,-69.909,Parallel_RC,1300.0,47.0
14,361.159,-71.459,361.244,-71.845,Parallel_RC,1300.0,47.0
0,1276.21,-20.449,1268.741,-19.941,Parallel_RC,1300.0,47.0
1,1192.157,-28.245,1180.298,-27.16,Parallel_RC,1300.0,47.0
2,1103.198,-35.906,1089.286,-33.684,Parallel_RC,1300.0,47.0
3,1005.379,-43.5,999.406,-40.868,Parallel_RC,1300.0,47.0
4,921.993,-48.232,921.909,-46.422,Parallel_RC,1300.0,47.0
5,843.27,-52.299,842.456,-49.476,Parallel_RC,1300.0,47.0
6,786.878,-55.729,776.464,-53.578,Parallel_RC,1300.0,47.0
7,720.232,-59.255,715.466,-57.307,Parallel_RC,1300.0,47.0
8,664.956,-61.548,656.678,-59.137,Parallel_RC,1300.0,47.0
9,613.623,-64.127,604.3,-61.676,Parallel_RC,1300.0,47.0
10,536.459,-67.769,534.902,-65.421,Parallel_RC,1300.0,47.0
11,504.333,-69.612,502.45,-66.426,Parallel_RC,1300.0,47.0
12,449.968,-71.952,455.337,-68.384,Parallel_RC,1300.0,47.0
13,406.688,-74.921,406.582,-69.914,Parallel_RC,1300.0,47.0
14,365.279,-76.454,361.248,-71.849,Parallel_RC,1300.0,47.0
0,1257.783,-19.365,1268.73,-19.94,Parallel_RC,1300.0,47.0
1,1194.468,-27.721,1180.312,-27.161,Parallel_RC,1300.0,47.0
2,1098.58,-33.622,1089.294,-33.684,Parallel_RC,1300.0,47.0
3,993.713,-40.336,999.4,-40.867,Parallel_RC,1300.0,47.0
4,915.633,-46.181,921.902,-46.422,Parallel_RC,1300.0,47.0
5,836.781,-49.423,842.45,-49.476,Parallel_RC,1300.0,47.0
6,770.502,-53.703,776.458,-53.578,Parallel_RC,1300.0,47.0
7,713.627,-56.998,715.464,-57.307,Parallel_RC,1300.0,47.0
8,655.641,-58.987,656.677,-59.137,Parallel_RC,1300.0,47.0
9,599.413,-61.429,604.25,-61.676,Parallel_RC,1300.0,47.0
10,532.683,-64.827,534.899,-65.42,Parallel_RC,1300.0,47.0
11,503.992,-65.987,502.451,-66.426,Parallel_RC,1300.0,47.0
12,454.422,-68.588,455.336,-68.384,Parallel_RC,1300.0,47.0
13,408.434,-70.9,406.584,-69.914,Parallel_RC,1300.0,47.0
14,362.513,-72.287,361.249,-71.85,Parallel_RC,1300.0,47.0
0,1291.69,-20.184,1268.753,-19.94,Parallel_RC,1300.0,47.0
1,1186.351,-28.334,1180.318,-27.162,Parallel_RC,1300.0,47.0
2,1108.289,-35.564,1089.313,-33.686,Parallel_RC,1300.0,47.0
3,1011.63,-41.885,999.412,-40.868,Parallel_RC,1300.0,47.0
4,920.0,-46.845,921.9,-46.422,Parallel_RC,1300.0,47.0
5,850.185,-51.442,842.458,-49.478,Parallel_RC,1300.0,47.0
6,793.327,-54.868,776.475,-53.579,Parallel_RC,1300.0,47.0
7,724.898,-58.46,715.473,-57.307,Parallel_RC,1300.0,47.0
8,668.572,-60.601,656.689,-59.138,Parallel_RC,1300.0,47.0
9,614.636,-63.35,604.36,-61.678,Parallel_RC,1300.0,47.0
10,543.924,-66.77,534.908,-65.422,Parallel_RC,1300.0,47.0
11,506.981,-68.23,502.456,-66.427,Parallel_RC,1300.0,47.0
12,452.95,-70.545,455.333,-68.387,Parallel_RC,1300.0,47.0
13,406.878,-72.833,406.584,-69.917,Parallel_RC,1300.0,47.0
14,368.531,-74.261,361.257,-71.852,Parallel_RC,1300.0,47.0
0,1402.775,-25.861,1268.887,-19.946,Parallel_RC,1300.0,47.0
1,1094.348,-31.95,1180.233,-27.167,Parallel_RC,1300.0,47.0
2,1155.134,-39.207,1089.379,-33.691,Parallel_RC,1300.0,47.0
3,1119.572,-55.839,999.532,-40.883,Parallel_RC,1300.0,47.0
4,924.32,-47.616,921.903,-46.423,Parallel_RC,1300.0,47.0
5,744.718,-61.555,842.36,-49.49,Parallel_RC,1300.0,47.0
6,787.467,-72.135,776.486,-53.598,Parallel_RC,1300.0,47.0
7,718.233,-75.209,715.476,-57.325,Parallel_RC,1300.0,47.0
8,782.264,-77.791,656.814,-59.157,Parallel_RC,1300.0,47.0
9,556.678,-80.66,603.989,-61.696,Parallel_RC,1300.0,47.0
10,545.827,-79.932,534.919,-65.436,Parallel_RC,1300.0,47.0
11,572.466,-79.167,502.526,-66.44,Parallel_RC,1300.0,47.0
12,468.613,-91.719,455.347,-68.41,Parallel_RC,1300.0,47.0
13,477.796,-103.13,406.655,-69.95,Parallel_RC,1300.0,47.0
14,369.462,-99.424,361.265,-71.88,Parallel_RC,1300.0,47.0
0,1274.31,-20.33,1268.892,-19.946,Parallel_RC,1300.0,47.0
1,1178.513,-27.714,1180.231,-27.167,Parallel_RC,1300.0,47.0
2,1097.941,-34.412,1089.388,-33.692,Parallel_RC,1300.0,47.0
3,995.503,-40.869,999.528,-40.883,Parallel_RC,1300.0,47.0
4,917.781,-47.301,921.899,-46.424,Parallel_RC,1300.0,47.0
5,838.585,-50.345,842.356,-49.491,Parallel_RC,1300.0,47.0
6,774.998,-54.665,776.484,-53.599,Parallel_RC,1300.0,47.0
7,713.19,-58.108,715.474,-57.326,Parallel_RC,1300.0,47.0
8,654.369,-60.393,656.812,-59.158,Parallel_RC,1300.0,47.0
9,604.685,-62.787,603.989,-61.697,Parallel_RC,1300.0,47.0
10,531.72,-66.659,534.916,-65.437,Parallel_RC,1300.0,47.0
11,501.391,-67.964,502.525,-66.442,Parallel_RC,1300.0,47.0
12,451.599,-70.294,455.343,-68.412,Parallel_RC,1300.0,47.0
13,406.447,-71.871,406.655,-69.952,Parallel_RC,1300.0,47.0
14,357.544,-74.206,361.261,-71.882,Parallel_RC,1300.0,47.0
0,1280.709,-20.188,1268.904,-19.947,Parallel_RC,1300.0,47.0
1,1208.556,-28.933,1180.259,-27.169,Parallel_RC,1300.0,47.0
2,1121.984,-35.568,1089.42,-33.694,Parallel_RC,1300.0,47.0
3,1023.725,-41.798,999.552,-40.884,Parallel_RC,1300.0,47.0
4,923.925,-46.94,921.901,-46.425,Parallel_RC,1300.0,47.0
5,852.837,-51.163,842.367,-49.493,Parallel_RC,1300.0,47.0
6,797.778,-54.904,776.506,-53.6,Parallel_RC,1300.0,47.0
7,728.818,-58.227,715.487,-57.327,Parallel_RC,1300.0,47.0
8,672.52,-60.29,656.827,-59.159,Parallel_RC,1300.0,47.0
9,616.796,-63.13,604.2,-61.698,Parallel_RC,1300.0,47.0
10,544.812,-66.808,534.926,-65.439,Parallel_RC,1300.0,47.0
11,509.134,-67.9,502.531,-66.443,Parallel_RC,1300.0,47.0
12,457.204,-70.17,455.345,-68.414,Parallel_RC,1300.0,47.0
13,410.899,-72.625,406.659,-69.955,Parallel_RC,1300.0,47.0
14,373.521,-73.753,361.273,-71.884,Parallel_RC,1300.0,47.0
0,1321.656,-18.42,1268.956,-19.945,Parallel_RC,1300.0,47.0
1,1133.759,-34.813,1180.213,-27.177,Parallel_RC,1300.0,47.0
2,1098.16,-39.969,1089.429,-33.7,Parallel_RC,1300.0,47.0
3,1099.467,-50.88,999.652,-40.893,Parallel_RC,1300.0,47.0
4,926.855,-49.159,921.906,-46.428,Parallel_RC,1300.0,47.0
5,799.737,-59.142,842.324,-49.502,Parallel_RC,1300.0,47.0
6,810.314,-65.945,776.54,-53.612,Parallel_RC,1300.0,47.0
7,771.45,-72.679,715.543,-57.342,Parallel_RC,1300.0,47.0
8,809.523,-72.315,656.98,-59.172,Parallel_RC,1300.0,47.0
9,522.303,-79.132,603.92,-61.716,Parallel_RC,1300.0,47.0
10,512.172,-83.8,534.903,-65.457,Parallel_RC,1300.0,47.0
11,526.693,-86.389,502.556,-66.463,Parallel_RC,1300.0,47.0
12,533.398,-93.207,455.423,-68.438,Parallel_RC,1300.0,47.0
13,387.801,-96.42,406.641,-69.981,Parallel_RC,1300.0,47.0
14,395.661,-100.17,361.308,-71.912,Parallel_RC,1300.0,47.0
0,1277.598,-19.422,1268.965,-19.945,Parallel_RC,1300.0,47.0
1,1189.497,-28.141,1180.222,-27.178,Parallel_RC,1300.0,47.0
2,1095.882,-34.146,1089.436,-33.701,Parallel_RC,1300.0,47.0
3,1002.973,-40.575,999.655,-40.893,Parallel_RC,1300.0,47.0
4,915.18,-46.552,921.899,-46.428,Parallel_RC,1300.0,47.0
5,842.358,-49.432,842.324,-49.502,Parallel_RC,1300.0,47.0
6,778.121,-53.231,776.541,-53.612,Parallel_RC,1300.0,47.0
7,719.481,-56.867,715.547,-57.342,Parallel_RC,1300.0,47.0
8,661.955,-58.871,656.985,-59.172,Parallel_RC,1300.0,47.0
9,608.944,-61.442,603.925,-61.716,Parallel_RC,1300.0,47.0
10,536.348,-64.947,534.905,-65.457,Parallel_RC,1300.0,47.0
11,507.288,-66.38,502.56,-66.463,Parallel_RC,1300.0,47.0
12,454.949,-68.466,455.422,-68.438,Parallel_RC,1300.0,47.0
13,408.87,-70.56,406.643,-69.981,Parallel_RC,1300.0,47.0
14,368.36,-71.817,361.314,-71.912,Parallel_RC,1300.0,47.0
0,1239.99,-22.173,1268.935,-19.947,Parallel_RC,1300.0,47.0
1,1256.723,-32.828,1180.298,-27.183,Parallel_RC,1300.0,47.0
2,1188.5,-43.552,1089.535,-33.71,Parallel_RC,1300.0,47.0
3,987.26,-53.43,999.643,-40.905,Parallel_RC,1300.0,47.0
4,1010.584,-48.84,921.988,-46.43,Parallel_RC,1300.0,47.0
5,751.366,-56.776,842.233,-49.509,Parallel_RC,1300.0,47.0
6,768.525,-66.785,776.533,-53.625,Parallel_RC,1300.0,47.0
7,732.996,-68.195,715.564,-57.353,Parallel_RC,1300.0,47.0
8,710.691,-71.375,657.39,-59.184,Parallel_RC,1300.0,47.0
9,611.305,-78.151,603.933,-61.732,Parallel_RC,1300.0,47.0
10,573.524,-76.543,534.943,-65.468,Parallel_RC,1300.0,47.0
11,540.31,-75.397,502.598,-66.472,Parallel_RC,1300.0,47.0
12,436.432,-88.84,455.403,-68.459,Parallel_RC,1300.0,47.0
13,447.874,-94.464,406.684,-70.6,Parallel_RC,1300.0,47.0
14,361.37,-97.754,361.314,-71.938,Parallel_RC,1300.0,47.0
0,1278.365,-20.326,1268.945,-19.947,Parallel_RC,1300.0,47.0
1,1212.959,-28.308,1180.331,-27.184,Parallel_RC,1300.0,47.0
2,1123.15,-35.389,1089.568,-33.712,Parallel_RC,1300.0,47.0
3,1016.603,-41.829,999.66,-40.906,Parallel_RC,1300.0,47.0
4,923.818,-47.31,921.989,-46.431,Parallel_RC,1300.0,47.0
5,849.805,-51.42,842.241,-49.511,Parallel_RC,1300.0,47.0
6,794.0,-55.55,776.551,-53.627,Parallel_RC,1300.0,47.0
7,732.522,-58.105,715.581,-57.353,Parallel_RC,1300.0,47.0
8,673.133,-60.437,657.55,-59.186,Parallel_RC,1300.0,47.0
9,616.586,-63.126,603.945,-61.733,Parallel_RC,1300.0,47.0
10,545.95,-66.695,534.954,-65.469,Parallel_RC,1300.0,47.0
11,513.561,-68.159,502.609,-66.474,Parallel_RC,1300.0,47.0
12,455.802,-70.41,455.404,-68.46,Parallel_RC,1300.0,47.0
13,412.262,-72.723,406.69,-70.9,Parallel_RC,1300.0,47.0
14,370.74,-73.746,361.323,-71.94,Parallel_RC,1300.0,47.0
0,1337.914,-26.3,1269.14,-19.953,Parallel_RC,1300.0,47.0
1,1330.605,-34.533,1180.481,-27.192,Parallel_RC,1300.0,47.0
2,1094.52,-34.741,1089.573,-33.713,Parallel_RC,1300.0,47.0
3,986.717,-45.291,999.647,-40.911,Parallel_RC,1300.0,47.0
4,1001.187,-53.547,922.69,-46.438,Parallel_RC,1300.0,47.0
5,988.486,-69.515,842.387,-49.531,Parallel_RC,1300.0,47.0
6,677.97,-65.26,776.452,-53.638,Parallel_RC,1300.0,47.0
7,780.8,-79.179,715.646,-57.375,Parallel_RC,1300.0,47.0
8,582.716,-76.429,656.98,-59.203,Parallel_RC,1300.0,47.0
9,622.96,-79.523,603.964,-61.751,Parallel_RC,1300.0,47.0
10,599.3,-90.43,535.18,-65.494,Parallel_RC,1300.0,47.0
11,483.13,-89.256,502.589,-66.496,Parallel_RC,1300.0,47.0
12,480.476,-94.728,455.429,-68.487,Parallel_RC,1300.0,47.0
13,444.656,-101.997,406.728,-70.41,Parallel_RC,1300.0,47.0
14,376.898,-99.655,361.338,-71.967,Parallel_RC,1300.0,47.0
0,1262.407,-20.205,1269.7,-19.953,Parallel_RC,1300.0,47.0
1,1169.151,-27.746,1180.47,-27.192,Parallel_RC,1300.0,47.0
2,1085.224,-34.104,1089.568,-33.714,Parallel_RC,1300.0,47.0
3,996.559,-40.899,999.644,-40.911,Parallel_RC,1300.0,47.0
4,908.651,-46.178,922.55,-46.438,Parallel_RC,1300.0,47.0
5,833.962,-49.143,842.379,-49.531,Parallel_RC,1300.0,47.0
6,762.619,-53.318,776.438,-53.638,Parallel_RC,1300.0,47.0
7,718.161,-56.414,715.648,-57.374,Parallel_RC,1300.0,47.0
8,655.542,-59.2,656.979,-59.203,Parallel_RC,1300.0,47.0
9,606.294,-61.666,603.966,-61.751,Parallel_RC,1300.0,47.0
10,530.292,-64.379,535.13,-65.493,Parallel_RC,1300.0,47.0
11,500.899,-65.974,502.588,-66.496,Parallel_RC,1300.0,47.0
12,452.87,-68.579,455.426,-68.487,Parallel_RC,1300.0,47.0
13,405.302,-70.306,406.726,-70.41,Parallel_RC,1300.0,47.0
14,364.936,-71.989,361.342,-71.967,Parallel_RC,1300.0,47.0
0,1275.37,-20.2,1269.13,-19.953,Parallel_RC,1300.0,47.0
1,1173.214,-27.411,1180.463,-27.193,Parallel_RC,1300.0,47.0
2,1095.442,-33.624,1089.574,-33.713,Parallel_RC,1300.0,47.0
3,991.898,-40.215,999.636,-40.91,Parallel_RC,1300.0,47.0
4,919.415,-46.6,922.52,-46.437,Parallel_RC,1300.0,47.0
5,840.337,-49.465,842.377,-49.531,Parallel_RC,1300.0,47.0
6,780.326,-53.442,776.442,-53.638,Parallel_RC,1300.0,47.0
7,715.939,-56.637,715.648,-57.373,Parallel_RC,1300.0,47.0
8,660.48,-58.856,656.982,-59.203,Parallel_RC,1300.0,47.0
9,604.594,-61.111,603.967,-61.75,Parallel_RC,1300.0,47.0
10,536.685,-64.989,535.15,-65.492,Parallel_RC,1300.0,47.0
11,501.348,-66.336,502.587,-66.496,Parallel_RC,1300.0,47.0
12,455.739,-68.254,455.427,-68.487,Parallel_RC,1300.0,47.0
13,407.164,-70.9,406.727,-70.41,Parallel_RC,1300.0,47.0
14,362.43,-71.434,361.343,-71.967,Parallel_RC,1300.0,47.0
0,1271.91,-19.306,1269.16,-19.953,Parallel_RC,1300.0,47.0
1,1172.894,-27.69,1180.455,-27.193,Parallel_RC,1300.0,47.0
2,1114.205,-32.777,1089.599,-33.712,Parallel_RC,1300.0,47.0
3,1000.182,-38.717,999.636,-40.908,Parallel_RC,1300.0,47.0
4,917.49,-42.472,922.47,-46.433,Parallel_RC,1300.0,47.0
5,816.147,-44.549,842.351,-49.526,Parallel_RC,1300.0,47.0
6,786.16,-49.862,776.452,-53.634,Parallel_RC,1300.0,47.0
7,706.818,-52.215,715.64,-57.368,Parallel_RC,1300.0,47.0
8,688.18,-53.381,657.13,-59.197,Parallel_RC,1300.0,47.0
9,586.536,-56.18,603.95,-61.745,Parallel_RC,1300.0,47.0
10,504.699,-57.83,534.984,-65.484,Parallel_RC,1300.0,47.0
11,525.7,-58.211,502.609,-66.487,Parallel_RC,1300.0,47.0
12,454.357,-59.726,455.426,-68.478,Parallel_RC,1300.0,47.0
13,409.418,-61.985,406.729,-70.33,Parallel_RC,1300.0,47.0
14,363.337,-63.497,361.345,-71.958,Parallel_RC,1300.0,47.0
0,1277.445,-19.22,1269.24,-19.952,Parallel_RC,1300.0,47.0
1,1173.84,-26.605,1180.448,-27.192,Parallel_RC,1300.0,47.0
2,1095.486,-33.309,1089.604,-33.712,Parallel_RC,1300.0,47.0
3,989.771,-39.43,999.626,-40.906,Parallel_RC,1300.0,47.0
4,886.38,-43.783,922.11,-46.431,Parallel_RC,1300.0,47.0
5,815.903,-44.905,842.324,-49.521,Parallel_RC,1300.0,47.0
6,799.432,-51.534,776.475,-53.632,Parallel_RC,1300.0,47.0
7,704.766,-51.955,715.629,-57.363,Parallel_RC,1300.0,47.0
8,683.49,-55.649,657.4,-59.193,Parallel_RC,1300.0,47.0
9,601.876,-57.904,603.948,-61.741,Parallel_RC,1300.0,47.0
10,511.108,-59.928,534.961,-65.478,Parallel_RC,1300.0,47.0
11,512.532,-61.128,502.619,-66.482,Parallel_RC,1300.0,47.0
12,442.84,-64.69,455.413,-68.473,Parallel_RC,1300.0,47.0
13,401.158,-63.497,406.724,-70.26,Parallel_RC,1300.0,47.0
14,367.209,-67.754,361.351,-71.954,Parallel_RC,1300.0,47.0
0,1283.555,-20.371,1269.39,-19.952,Parallel_RC,1300.0,47.0
1,1201.512,-29.132,1180.469,-27.194,Parallel_RC,1300.0,47.0
2,1122.6,-35.181,1089.637,-33.714,Parallel_RC,1300.0,47.0
3,1020.418,-42.645,999.647,-40.908,Parallel_RC,1300.0,47.0
4,928.117,-46.981,922.18,-46.431,Parallel_RC,1300.0,47.0
5,851.411,-51.192,842.333,-49.523,Parallel_RC,1300.0,47.0
6,795.483,-55.114,776.494,-53.633,Parallel_RC,1300.0,47.0
7,727.36,-58.169,715.64,-57.364,Parallel_RC,1300.0,47.0
8,670.759,-60.187,657.53,-59.194,Parallel_RC,1300.0,47.0
9,616.401,-62.934,603.96,-61.742,Parallel_RC,1300.0,47.0
10,547.955,-66.546,534.974,-65.479,Parallel_RC,1300.0,47.0
11,509.136,-68.117,502.625,-66.484,Parallel_RC,1300.0,47.0
12,455.681,-70.96,455.413,-68.475,Parallel_RC,1300.0,47.0
13,410.791,-72.662,406.728,-70.29,Parallel_RC,1300.0,47.0
14,370.672,-73.928,361.36,-71.956,Parallel_RC,1300.0,47.0
0,1257.655,-19.55,1269.27,-19.951,Parallel_RC,1300.0,47.0
1,1183.629,-28.89,1180.472,-27.195,Parallel_RC,1300.0,47.0
2,1093.942,-33.871,1089.641,-33.714,Parallel_RC,1300.0,47.0
3,998.251,-40.287,999.646,-40.907,Parallel_RC,1300.0,47.0
4,919.155,-46.459,922.15,-46.431,Parallel_RC,1300.0,47.0
5,839.291,-49.218,842.33,-49.523,Parallel_RC,1300.0,47.0
6,777.64,-53.339,776.494,-53.633,Parallel_RC,1300.0,47.0
7,715.529,-56.907,715.64,-57.363,Parallel_RC,1300.0,47.0
8,656.388,-59.122,657.53,-59.194,Parallel_RC,1300.0,47.0
9,604.808,-61.31,603.961,-61.742,Parallel_RC,1300.0,47.0
10,534.529,-64.93,534.973,-65.479,Parallel_RC,1300.0,47.0
11,500.871,-66.185,502.624,-66.483,Parallel_RC,1300.0,47.0
12,453.573,-68.45,455.411,-68.475,Parallel_RC,1300.0,47.0
13,404.915,-70.299,406.726,-70.29,Parallel_RC,1300.0,47.0
14,362.34,-71.262,361.361,-71.955,Parallel_RC,1300.0,47.0
0,1351.438,-22.737,1269.11,-19.954,Parallel_RC,1300.0,47.0
1,1161.815,-32.762,1180.454,-27.201,Parallel_RC,1300.0,47.0
2,1171.501,-39.848,1089.723,-33.72,Parallel_RC,1300.0,47.0
3,1030.84,-53.614,999.677,-40.92,Parallel_RC,1300.0,47.0
4,945.252,-48.47,922.38,-46.433,Parallel_RC,1300.0,47.0
5,753.119,-58.822,842.241,-49.532,Parallel_RC,1300.0,47.0
6,773.56,-67.362,776.491,-53.647,Parallel_RC,1300.0,47.0
7,725.515,-70.258,715.65,-57.376,Parallel_RC,1300.0,47.0
8,770.139,-71.612,657.166,-59.207,Parallel_RC,1300.0,47.0
9,586.866,-77.81,603.944,-61.757,Parallel_RC,1300.0,47.0
10,566.117,-76.642,535.4,-65.49,Parallel_RC,1300.0,47.0
11,580.595,-74.684,502.702,-66.492,Parallel_RC,1300.0,47.0
12,427.657,-86.816,455.384,-68.493,Parallel_RC,1300.0,47.0
13,490.179,-96.55,406.809,-70.55,Parallel_RC,1300.0,47.0
14,346.151,-97.266,361.346,-71.981,Parallel_RC,1300.0,47.0
0,1282.3,-20.258,1269.123,-19.955,Parallel_RC,1300.0,47.0
1,1183.369,-28.46,1180.457,-27.202,Parallel_RC,1300.0,47.0
2,1104.45,-36.71,1089.737,-33.722,Parallel_RC,1300.0,47.0
3,1014.792,-42.825,999.692,-40.922,Parallel_RC,1300.0,47.0
4,922.987,-47.751,922.39,-46.434,Parallel_RC,1300.0,47.0
5,843.719,-52.14,842.242,-49.535,Parallel_RC,1300.0,47.0
6,783.61,-55.621,776.498,-53.649,Parallel_RC,1300.0,47.0
7,721.868,-59.21,715.656,-57.378,Parallel_RC,1300.0,47.0
8,664.262,-61.488,657.173,-59.209,Parallel_RC,1300.0,47.0
9,616.94,-64.396,603.957,-61.76,Parallel_RC,1300.0,47.0
10,538.963,-67.949,535.8,-65.492,Parallel_RC,1300.0,47.0
11,503.46,-69.683,502.702,-66.495,Parallel_RC,1300.0,47.0
12,449.218,-71.75,455.378,-68.497,Parallel_RC,1300.0,47.0
13,404.938,-74.635,406.808,-70.6,Parallel_RC,1300.0,47.0
14,367.654,-76.146,361.352,-71.985,Parallel_RC,1300.0,47.0
0,1286.432,-20.446,1269.14,-19.955,Parallel_RC,1300.0,47.0
1,1193.64,-28.847,1180.469,-27.204,Parallel_RC,1300.0,47.0
2,1119.177,-35.719,1089.767,-33.724,Parallel_RC,1300.0,47.0
3,1023.546,-42.72,999.716,-40.923,Parallel_RC,1300.0,47.0
4,922.14,-47.219,922.39,-46.435,Parallel_RC,1300.0,47.0
5,855.306,-51.543,842.255,-49.537,Parallel_RC,1300.0,47.0
6,797.892,-55.112,776.52,-53.65,Parallel_RC,1300.0,47.0
7,729.292,-58.177,715.67,-57.379,Parallel_RC,1300.0,47.0
8,675.328,-60.511,657.191,-59.21,Parallel_RC,1300.0,47.0
9,617.331,-63.164,603.97,-61.761,Parallel_RC,1300.0,47.0
10,548.149,-66.756,535.21,-65.494,Parallel_RC,1300.0,47.0
11,511.637,-68.293,502.711,-66.497,Parallel_RC,1300.0,47.0
12,456.866,-70.64,455.379,-68.499,Parallel_RC,1300.0,47.0
13,411.208,-73.157,406.812,-70.63,Parallel_RC,1300.0,47.0
14,372.232,-74.309,361.363,-71.987,Parallel_RC,1300.0,47.0
0,1294.279,-20.478,1269.165,-19.956,Parallel_RC,1300.0,47.0
1,1192.215,-28.731,1180.481,-27.205,Parallel_RC,1300.0,47.0
2,1119.719,-36.163,1089.797,-33.727,Parallel_RC,1300.0,47.0
3,1023.715,-42.519,999.74,-40.924,Parallel_RC,1300.0,47.0
4,927.286,-48.187,922.44,-46.437,Parallel_RC,1300.0,47.0
5,846.544,-52.394,842.26,-49.539,Parallel_RC,1300.0,47.0
6,794.11,-56.505,776.537,-53.653,Parallel_RC,1300.0,47.0
7,727.864,-59.472,715.682,-57.381,Parallel_RC,1300.0,47.0
8,667.768,-61.871,657.202,-59.213,Parallel_RC,1300.0,47.0
9,613.351,-64.412,603.98,-61.764,Parallel_RC,1300.0,47.0
10,541.314,-68.61,535.28,-65.497,Parallel_RC,1300.0,47.0
11,505.852,-69.896,502.714,-66.5,Parallel_RC,1300.0,47.0
12,453.11,-72.329,455.377,-68.503,Parallel_RC,1300.0,47.0
13,405.63,-75.297,406.81,-70.68,Parallel_RC,1300.0,47.0
14,368.941,-76.446,361.371,-71.992,Parallel_RC,1300.0,47.0
0,1271.4,-19.994,1269.167,-19.956,Parallel_RC,1300.0,47.0
1,1174.135,-28.312,1180.475,-27.206,Parallel_RC,1300.0,47.0
2,1095.369,-34.39,1089.802,-33.727,Parallel_RC,1300.0,47.0
3,992.611,-41.207,999.733,-40.925,Parallel_RC,1300.0,47.0
4,916.961,-47.98,922.39,-46.437,Parallel_RC,1300.0,47.0
5,837.909,-50.593,842.255,-49.54,Parallel_RC,1300.0,47.0
6,776.763,-54.344,776.538,-53.654,Parallel_RC,1300.0,47.0
7,714.685,-57.928,715.681,-57.381,Parallel_RC,1300.0,47.0
8,653.859,-60.386,657.198,-59.214,Parallel_RC,1300.0,47.0
9,604.33,-62.999,603.98,-61.765,Parallel_RC,1300.0,47.0
10,534.171,-66.294,535.27,-65.498,Parallel_RC,1300.0,47.0
11,502.161,-68.1,502.714,-66.501,Parallel_RC,1300.0,47.0
12,454.172,-70.204,455.375,-68.504,Parallel_RC,1300.0,47.0
13,405.618,-72.266,406.809,-70.7,Parallel_RC,1300.0,47.0
14,358.29,-73.804,361.367,-71.994,Parallel_RC,1300.0,47.0
0,1268.409,-19.533,1269.166,-19.955,Parallel_RC,1300.0,47.0
1,1180.973,-27.192,1180.475,-27.206,Parallel_RC,1300.0,47.0
2,1096.357,-34.24,1089.809,-33.728,Parallel_RC,1300.0,47.0
3,999.605,-40.944,999.733,-40.925,Parallel_RC,1300.0,47.0
4,921.689,-46.38,922.39,-46.437,Parallel_RC,1300.0,47.0
5,844.14,-49.179,842.257,-49.54,Parallel_RC,1300.0,47.0
6,777.433,-53.152,776.538,-53.653,Parallel_RC,1300.0,47.0
7,720.228,-56.684,715.686,-57.381,Parallel_RC,1300.0,47.0
8,663.923,-58.944,657.205,-59.214,Parallel_RC,1300.0,47.0
9,605.595,-61.548,603.982,-61.765,Parallel_RC,1300.0,47.0
10,536.541,-64.796,535.28,-65.497,Parallel_RC,1300.0,47.0
11,503.186,-65.868,502.714,-66.501,Parallel_RC,1300.0,47.0
12,457.843,-68.473,455.378,-68.504,Parallel_RC,1300.0,47.0
13,409.208,-69.844,406.811,-70.7,Parallel_RC,1300.0,47.0
14,366.424,-71.391,361.372,-71.993,Parallel_RC,1300.0,47.0
0,1262.23,-18.596,1269.159,-19.954,Parallel_RC,1300.0,47.0
1,1187.838,-27.191,1180.483,-27.206,Parallel_RC,1300.0,47.0
2,1094.654,-33.593,1089.814,-33.727,Parallel_RC,1300.0,47.0
3,1001.117,-39.912,999.734,-40.924,Parallel_RC,1300.0,47.0
4,914.45,-44.646,922.31,-46.435,Parallel_RC,1300.0,47.0
5,824.737,-47.341,842.24,-49.538,Parallel_RC,1300.0,47.0
6,780.51,-51.748,776.542,-53.651,Parallel_RC,1300.0,47.0
7,714.589,-54.44,715.685,-57.378,Parallel_RC,1300.0,47.0
8,663.184,-57.122,657.211,-59.212,Parallel_RC,1300.0,47.0
9,603.1,-59.294,603.981,-61.762,Parallel_RC,1300.0,47.0
10,527.951,-62.62,535.21,-65.493,Parallel_RC,1300.0,47.0
11,506.0,-62.433,502.717,-66.497,Parallel_RC,1300.0,47.0
12,453.49,-64.731,455.376,-68.5,Parallel_RC,1300.0,47.0
13,407.158,-65.667,406.812,-70.66,Parallel_RC,1300.0,47.0
14,362.346,-67.927,361.373,-71.989,Parallel_RC,1300.0,47.0
0,1271.647,-20.22,1269.161,-19.954,Parallel_RC,1300.0,47.0
1,1195.254,-28.26,1180.497,-27.207,Parallel_RC,1300.0,47.0
2,1103.67,-35.949,1089.827,-33.73,Parallel_RC,1300.0,47.0
3,1006.302,-42.894,999.741,-40.926,Parallel_RC,1300.0,47.0
4,918.402,-47.947,922.27,-46.437,Parallel_RC,1300.0,47.0
5,841.421,-52.192,842.239,-49.541,Parallel_RC,1300.0,47.0
6,783.831,-55.738,776.549,-53.653,Parallel_RC,1300.0,47.0
7,717.435,-59.318,715.686,-57.38,Parallel_RC,1300.0,47.0
8,663.266,-61.712,657.217,-59.214,Parallel_RC,1300.0,47.0
9,613.339,-64.379,603.99,-61.765,Parallel_RC,1300.0,47.0
10,538.433,-67.898,535.25,-65.496,Parallel_RC,1300.0,47.0
11,502.948,-69.472,502.717,-66.5,Parallel_RC,1300.0,47.0
12,447.266,-72.3,455.367,-68.504,Parallel_RC,1300.0,47.0
13,404.283,-74.228,406.809,-70.7,Parallel_RC,1300.0,47.0
14,367.444,-76.416,361.38,-71.993,Parallel_RC,1300.0,47.0
0,1273.958,-19.612,1269.166,-19.954,Parallel_RC,1300.0,47.0
1,1188.75,-27.689,1180.505,-27.208,Parallel_RC,1300.0,47.0
2,1093.881,-33.792,1089.831,-33.73,Parallel_RC,1300.0,47.0
3,1002.27,-40.414,999.743,-40.925,Parallel_RC,1300.0,47.0
4,911.944,-46.157,922.17,-46.436,Parallel_RC,1300.0,47.0
5,834.492,-49.465,842.231,-49.54,Parallel_RC,1300.0,47.0
6,770.878,-53.285,776.543,-53.653,Parallel_RC,1300.0,47.0
7,712.733,-57.18,715.683,-57.38,Parallel_RC,1300.0,47.0
8,659.93,-59.91,657.219,-59.214,Parallel_RC,1300.0,47.0
9,602.634,-61.3,603.989,-61.764,Parallel_RC,1300.0,47.0
10,533.998,-65.6,535.24,-65.495,Parallel_RC,1300.0,47.0
11,496.519,-66.434,502.711,-66.5,Parallel_RC,1300.0,47.0
12,454.738,-68.496,455.367,-68.504,Parallel_RC,1300.0,47.0
13,404.214,-70.468,406.807,-70.7,Parallel_RC,1300.0,47.0
14,360.389,-71.6,361.379,-71.993,Parallel_RC,1300.0,47.0
0,1260.406,-19.471,1269.157,-19.953,Parallel_RC,1300.0,47.0
1,1182.226,-27.107,1180.507,-27.208,Parallel_RC,1300.0,47.0
2,1087.271,-33.827,1089.828,-33.73,Parallel_RC,1300.0,47.0
3,993.748,-39.868,999.737,-40.924,Parallel_RC,1300.0,47.0
4,912.989,-45.969,922.8,-46.436,Parallel_RC,1300.0,47.0
5,842.709,-49.103,842.232,-49.54,Parallel_RC,1300.0,47.0
6,770.487,-53.164,776.537,-53.653,Parallel_RC,1300.0,47.0
7,710.66,-56.567,715.678,-57.379,Parallel_RC,1300.0,47.0
8,657.209,-59.178,657.219,-59.214,Parallel_RC,1300.0,47.0
9,605.589,-61.401,603.99,-61.764,Parallel_RC,1300.0,47.0
10,534.47,-64.93,535.23,-65.495,Parallel_RC,1300.0,47.0
11,504.859,-66.61,502.713,-66.499,Parallel_RC,1300.0,47.0
12,458.403,-68.432,455.37,-68.504,Parallel_RC,1300.0,47.0
13,402.655,-70.256,406.803,-70.7,Parallel_RC,1300.0,47.0
14,365.56,-71.49,361.382,-71.992,Parallel_RC,1300.0,47.0
0,1287.955,-20.107,1269.176,-19.953,Parallel_RC,1300.0,47.0
1,1207.385,-28.304,1180.534,-27.209,Parallel_RC,1300.0,47.0
2,1116.462,-35.488,1089.855,-33.732,Parallel_RC,1300.0,47.0
3,1027.166,-41.815,999.764,-40.925,Parallel_RC,1300.0,47.0
4,921.215,-47.205,922.7,-46.437,Parallel_RC,1300.0,47.0
5,852.53,-51.519,842.242,-49.542,Parallel_RC,1300.0,47.0
6,793.576,-54.946,776.554,-53.654,Parallel_RC,1300.0,47.0
7,727.44,-58.207,715.69,-57.38,Parallel_RC,1300.0,47.0
8,674.489,-60.545,657.236,-59.215,Parallel_RC,1300.0,47.0
9,617.42,-63.56,604.4,-61.765,Parallel_RC,1300.0,47.0
10,548.686,-66.498,535.37,-65.496,Parallel_RC,1300.0,47.0
11,508.482,-68.152,502.719,-66.501,Parallel_RC,1300.0,47.0
12,454.463,-70.315,455.369,-68.506,Parallel_RC,1300.0,47.0
13,412.627,-72.96,406.808,-70.73,Parallel_RC,1300.0,47.0
14,372.896,-73.956,361.394,-71.994,Parallel_RC,1300.0,47.0
0,1259.349,-19.658,1269.166,-19.953,Parallel_RC,1300.0,47.0
1,1171.758,-27.723,1180.525,-27.209,Parallel_RC,1300.0,47.0
2,1087.811,-33.925,1089.853,-33.732,Parallel_RC,1300.0,47.0
3,996.956,-40.344,999.762,-40.924,Parallel_RC,1300.0,47.0
4,913.436,-46.162,921.999,-46.436,Parallel_RC,1300.0,47.0
5,832.848,-49.312,842.233,-49.542,Parallel_RC,1300.0,47.0
6,773.825,-53.455,776.552,-53.654,Parallel_RC,1300.0,47.0
7,713.461,-56.868,715.687,-57.379,Parallel_RC,1300.0,47.0
8,651.963,-58.99,657.231,-59.215,Parallel_RC,1300.0,47.0
9,602.416,-61.5,604.2,-61.765,Parallel_RC,1300.0,47.0
10,532.7,-65.202,535.34,-65.496,Parallel_RC,1300.0,47.0
11,502.206,-66.312,502.719,-66.501,Parallel_RC,1300.0,47.0
12,453.66,-68.329,455.367,-68.505,Parallel_RC,1300.0,47.0
13,406.3,-70.323,406.808,-70.74,Parallel_RC,1300.0,47.0
14,361.927,-71.972,361.394,-71.994,Parallel_RC,1300.0,47.0
0,1286.435,-20.151,1269.184,-19.953,Parallel_RC,1300.0,47.0
1,1208.894,-28.108,1180.554,-27.21,Parallel_RC,1300.0,47.0
2,1120.109,-35.481,1089.883,-33.734,Parallel_RC,1300.0,47.0
3,1026.373,-41.471,999.788,-40.925,Parallel_RC,1300.0,47.0
4,919.157,-47.112,921.996,-46.437,Parallel_RC,1300.0,47.0
5,854.841,-51.659,842.245,-49.544,Parallel_RC,1300.0,47.0
6,787.943,-55.61,776.563,-53.655,Parallel_RC,1300.0,47.0
7,729.952,-58.161,715.702,-57.38,Parallel_RC,1300.0,47.0
8,670.562,-60.321,657.244,-59.216,Parallel_RC,1300.0,47.0
9,614.364,-63.148,604.12,-61.766,Parallel_RC,1300.0,47.0
10,545.155,-66.663,535.44,-65.497,Parallel_RC,1300.0,47.0
11,511.486,-67.696,502.727,-66.502,Parallel_RC,1300.0,47.0
12,453.32,-70.469,455.364,-68.507,Parallel_RC,1300.0,47.0
13,407.729,-72.373,406.808,-70.76,Parallel_RC,1300.0,47.0
14,370.508,-74.267,361.403,-71.997,Parallel_RC,1300.0,47.0
0,1287.833,-20.166,1269.202,-19.954,Parallel_RC,1300.0,47.0
1,1207.292,-28.725,1180.58,-27.212,Parallel_RC,1300.0,47.0
2,1113.619,-35.421,1089.907,-33.735,Parallel_RC,1300.0,47.0
3,1018.447,-42.611,999.807,-40.927,Parallel_RC,1300.0,47.0
4,923.544,-47.15,921.997,-46.438,Parallel_RC,1300.0,47.0
5,844.521,-51.515,842.248,-49.546,Parallel_RC,1300.0,47.0
6,792.492,-54.822,776.579,-53.656,Parallel_RC,1300.0,47.0
7,726.0,-58.256,715.712,-57.381,Parallel_RC,1300.0,47.0
8,669.489,-60.7,657.257,-59.218,Parallel_RC,1300.0,47.0
9,619.89,-63.524,604.28,-61.768,Parallel_RC,1300.0,47.0
10,541.453,-66.918,535.5,-65.498,Parallel_RC,1300.0,47.0
11,506.389,-68.292,502.731,-66.504,Parallel_RC,1300.0,47.0
12,451.852,-70.477,455.361,-68.509,Parallel_RC,1300.0,47.0
13,406.727,-72.711,406.808,-70.79,Parallel_RC,1300.0,47.0
14,368.969,-74.43,361.411,-71.999,Parallel_RC,1300.0,47.0
0,1289.3,-20.533,1269.222,-19.954,Parallel_RC,1300.0,47.0
1,1196.143,-28.783,1180.596,-27.213,Parallel_RC,1300.0,47.0
2,1114.536,-36.438,1089.932,-33.738,Parallel_RC,1300.0,47.0
3,1014.89,-42.798,999.821,-40.928,Parallel_RC,1300.0,47.0
4,922.893,-48.422,921.998,-46.44,Parallel_RC,1300.0,47.0
5,850.71,-52.15,842.255,-49.548,Parallel_RC,1300.0,47.0
6,791.81,-56.274,776.593,-53.659,Parallel_RC,1300.0,47.0
7,725.544,-59.518,715.722,-57.383,Parallel_RC,1300.0,47.0
8,668.138,-61.703,657.268,-59.22,Parallel_RC,1300.0,47.0
9,615.17,-64.745,604.39,-61.771,Parallel_RC,1300.0,47.0
10,542.134,-68.624,535.57,-65.501,Parallel_RC,1300.0,47.0
11,504.981,-70.4,502.733,-66.507,Parallel_RC,1300.0,47.0
12,450.898,-72.407,455.356,-68.513,Parallel_RC,1300.0,47.0
13,408.182,-74.936,406.81,-70.83,Parallel_RC,1300.0,47.0
14,368.998,-76.201,361.418,-72.3,Parallel_RC,1300.0,47.0
0,1282.6,-20.289,1269.235,-19.954,Parallel_RC,1300.0,47.0
1,1192.854,-28.173,1180.608,-27.214,Parallel_RC,1300.0,47.0
2,1104.46,-36.85,1089.946,-33.74,Parallel_RC,1300.0,47.0
3,1006.48,-43.165,999.827,-40.931,Parallel_RC,1300.0,47.0
4,920.149,-48.97,921.996,-46.441,Parallel_RC,1300.0,47.0
5,842.33,-52.372,842.255,-49.551,Parallel_RC,1300.0,47.0
6,785.123,-55.585,776.602,-53.661,Parallel_RC,1300.0,47.0
7,719.747,-59.234,715.726,-57.385,Parallel_RC,1300.0,47.0
8,666.939,-61.6,657.277,-59.222,Parallel_RC,1300.0,47.0
9,616.11,-64.391,604.51,-61.774,Parallel_RC,1300.0,47.0
10,538.564,-67.944,535.61,-65.504,Parallel_RC,1300.0,47.0
11,504.82,-69.544,502.735,-66.51,Parallel_RC,1300.0,47.0
12,450.68,-71.784,455.351,-68.517,Parallel_RC,1300.0,47.0
13,404.197,-74.571,406.807,-70.88,Parallel_RC,1300.0,47.0
14,366.366,-76.297,361.423,-72.8,Parallel_RC,1300.0,47.0
0,1259.488,-19.238,1269.226,-19.954,Parallel_RC,1300.0,47.0
1,1193.143,-28.189,1180.621,-27.215,Parallel_RC,1300.0,47.0
2,1095.781,-33.749,1089.952,-33.74,Parallel_RC,1300.0,47.0
3,995.767,-40.168,999.823,-40.93,Parallel_RC,1300.0,47.0
4,912.51,-46.227,921.986,-46.441,Parallel_RC,1300.0,47.0
5,839.218,-49.506,842.252,-49.551,Parallel_RC,1300.0,47.0
6,773.658,-53.401,776.599,-53.661,Parallel_RC,1300.0,47.0
7,709.382,-57.321,715.72,-57.385,Parallel_RC,1300.0,47.0
8,656.8,-58.993,657.276,-59.222,Parallel_RC,1300.0,47.0
9,603.587,-61.542,604.5,-61.774,Parallel_RC,1300.0,47.0
10,533.108,-64.974,535.59,-65.503,Parallel_RC,1300.0,47.0
11,501.979,-66.382,502.735,-66.51,Parallel_RC,1300.0,47.0
12,454.242,-68.282,455.35,-68.516,Parallel_RC,1300.0,47.0
13,405.216,-70.1,406.806,-70.88,Parallel_RC,1300.0,47.0
14,362.176,-72.456,361.424,-72.8,Parallel_RC,1300.0,47.0
0,1260.113,-19.818,1269.217,-19.954,Parallel_RC,1300.0,47.0
1,1181.444,-27.72,1180.622,-27.216,Parallel_RC,1300.0,47.0
2,1097.656,-34.234,1089.96,-33.741,Parallel_RC,1300.0,47.0
3,1001.879,-41.32,999.825,-40.93,Parallel_RC,1300.0,47.0
4,909.413,-46.873,921.974,-46.441,Parallel_RC,1300.0,47.0
5,833.158,-49.945,842.243,-49.552,Parallel_RC,1300.0,47.0
6,773.455,-53.794,776.596,-53.661,Parallel_RC,1300.0,47.0
7,713.194,-57.466,715.717,-57.385,Parallel_RC,1300.0,47.0
8,655.93,-59.635,657.274,-59.223,Parallel_RC,1300.0,47.0
9,604.656,-61.996,604.51,-61.774,Parallel_RC,1300.0,47.0
10,535.114,-65.691,535.59,-65.503,Parallel_RC,1300.0,47.0
11,503.127,-66.957,502.735,-66.511,Parallel_RC,1300.0,47.0
12,453.45,-69.214,455.348,-68.517,Parallel_RC,1300.0,47.0
13,407.498,-71.203,406.806,-70.89,Parallel_RC,1300.0,47.0
14,361.636,-72.479,361.424,-72.8,Parallel_RC,1300.0,47.0
0,1285.333,-20.277,1269.233,-19.954,Parallel_RC,1300.0,47.0
1,1191.971,-29.246,1180.633,-27.218,Parallel_RC,1300.0,47.0
2,1103.476,-36.392,1089.973,-33.743,Parallel_RC,1300.0,47.0
3,1014.83,-42.794,999.84,-40.932,Parallel_RC,1300.0,47.0
4,922.459,-47.969,921.974,-46.443,Parallel_RC,1300.0,47.0
5,842.74,-52.31,842.244,-49.554,Parallel_RC,1300.0,47.0
6,784.721,-55.925,776.604,-53.663,Parallel_RC,1300.0,47.0
7,722.236,-59.248,715.724,-57.387,Parallel_RC,1300.0,47.0
8,665.7,-61.76,657.281,-59.225,Parallel_RC,1300.0,47.0
9,614.961,-64.567,604.62,-61.777,Parallel_RC,1300.0,47.0
10,539.62,-67.995,535.63,-65.506,Parallel_RC,1300.0,47.0
11,503.581,-69.686,502.736,-66.514,Parallel_RC,1300.0,47.0
12,448.864,-72.7,455.342,-68.521,Parallel_RC,1300.0,47.0
13,403.421,-74.742,406.803,-70.94,Parallel_RC,1300.0,47.0
14,364.871,-76.253,361.428,-72.13,Parallel_RC,1300.0,47.0
0,1266.55,-20.41,1269.23,-19.954,Parallel_RC,1300.0,47.0
1,1184.869,-28.543,1180.637,-27.219,Parallel_RC,1300.0,47.0
2,1095.673,-33.604,1089.979,-33.743,Parallel_RC,1300.0,47.0
3,989.169,-40.99,999.829,-40.932,Parallel_RC,1300.0,47.0
4,919.453,-46.57,921.972,-46.443,Parallel_RC,1300.0,47.0
5,839.704,-49.255,842.241,-49.554,Parallel_RC,1300.0,47.0
6,771.553,-53.515,776.599,-53.663,Parallel_RC,1300.0,47.0
7,712.39,-56.906,715.72,-57.386,Parallel_RC,1300.0,47.0
8,655.502,-59.285,657.28,-59.225,Parallel_RC,1300.0,47.0
9,599.595,-61.488,604.57,-61.776,Parallel_RC,1300.0,47.0
10,529.653,-64.949,535.58,-65.505,Parallel_RC,1300.0,47.0
11,500.746,-66.178,502.734,-66.513,Parallel_RC,1300.0,47.0
12,452.577,-68.349,455.339,-68.52,Parallel_RC,1300.0,47.0
13,406.731,-69.96,406.803,-70.93,Parallel_RC,1300.0,47.0
14,358.5,-71.692,361.425,-72.12,Parallel_RC,1300.0,47.0
0,1288.808,-20.721,1269.249,-19.955,Parallel_RC,1300.0,47.0
1,1210.589,-29.181,1180.667,-27.221,Parallel_RC,1300.0,47.0
2,1120.484,-36.266,1090.9,-33.746,Parallel_RC,1300.0,47.0
3,1012.445,-42.582,999.842,-40.934,Parallel_RC,1300.0,47.0
4,915.875,-47.815,921.966,-46.444,Parallel_RC,1300.0,47.0
5,845.485,-52.554,842.244,-49.557,Parallel_RC,1300.0,47.0
6,787.29,-56.442,776.609,-53.666,Parallel_RC,1300.0,47.0
7,727.295,-59.506,715.732,-57.388,Parallel_RC,1300.0,47.0
8,666.758,-61.778,657.289,-59.228,Parallel_RC,1300.0,47.0
9,616.261,-64.676,604.7,-61.779,Parallel_RC,1300.0,47.0
10,541.844,-68.275,535.64,-65.508,Parallel_RC,1300.0,47.0
11,507.22,-70.61,502.738,-66.517,Parallel_RC,1300.0,47.0
12,451.38,-72.623,455.335,-68.525,Parallel_RC,1300.0,47.0
13,406.34,-75.122,406.802,-70.99,Parallel_RC,1300.0,47.0
14,369.667,-76.187,361.433,-72.17,Parallel_RC,1300.0,47.0
0,1274.77,-20.52,1269.254,-19.955,Parallel_RC,1300.0,47.0
1,1188.138,-28.76,1180.674,-27.223,Parallel_RC,1300.0,47.0
2,1099.202,-34.836,1090.19,-33.747,Parallel_RC,1300.0,47.0
3,988.67,-41.682,999.83,-40.934,Parallel_RC,1300.0,47.0
4,917.86,-47.224,921.962,-46.445,Parallel_RC,1300.0,47.0
5,836.83,-50.651,842.239,-49.558,Parallel_RC,1300.0,47.0
6,772.88,-54.638,776.605,-53.667,Parallel_RC,1300.0,47.0
7,714.641,-58.5,715.731,-57.389,Parallel_RC,1300.0,47.0
8,656.71,-60.397,657.289,-59.229,Parallel_RC,1300.0,47.0
9,602.191,-62.718,604.68,-61.78,Parallel_RC,1300.0,47.0
10,534.45,-66.61,535.63,-65.509,Parallel_RC,1300.0,47.0
11,501.314,-67.91,502.737,-66.518,Parallel_RC,1300.0,47.0
12,451.682,-70.242,455.331,-68.526,Parallel_RC,1300.0,47.0
13,403.716,-72.346,406.799,-70.101,Parallel_RC,1300.0,47.0
14,358.727,-74.155,361.43,-72.19,Parallel_RC,1300.0,47.0
0,1166.822,-27.401,1269.152,-19.962,Parallel_RC,1300.0,47.0
1,1277.11,-40.853,1180.771,-27.236,Parallel_RC,1300.0,47.0
2,1087.551,-33.544,1090.16,-33.747,Parallel_RC,1300.0,47.0
3,881.178,-51.469,999.711,-40.945,Parallel_RC,1300.0,47.0
4,875.765,-61.471,921.916,-46.46,Parallel_RC,1300.0,47.0
5,871.359,-69.725,842.268,-49.578,Parallel_RC,1300.0,47.0
6,822.854,-70.3,776.651,-53.683,Parallel_RC,1300.0,47.0
7,687.547,-75.524,715.703,-57.407,Parallel_RC,1300.0,47.0
8,709.882,-79.745,657.341,-59.249,Parallel_RC,1300.0,47.0
9,754.237,-72.605,604.218,-61.791,Parallel_RC,1300.0,47.0
10,526.9,-93.363,535.54,-65.537,Parallel_RC,1300.0,47.0
11,599.751,-98.22,502.834,-66.55,Parallel_RC,1300.0,47.0
12,425.809,-104.283,455.302,-68.562,Parallel_RC,1300.0,47.0
13,486.553,-112.53,406.879,-70.143,Parallel_RC,1300.0,47.0
14,381.542,-117.65,361.451,-72.64,Parallel_RC,1300.0,47.0
0,1178.766,-25.377,1269.61,-19.968,Parallel_RC,1300.0,47.0
1,1239.281,-39.483,1180.829,-27.249,Parallel_RC,1300.0,47.0
2,1119.559,-34.915,1090.46,-33.748,Parallel_RC,1300.0,47.0
3,892.22,-49.264,999.604,-40.953,Parallel_RC,1300.0,47.0
4,873.796,-59.28,921.867,-46.473,Parallel_RC,1300.0,47.0
5,874.348,-67.155,842.3,-49.596,Parallel_RC,1300.0,47.0
6,860.78,-70.647,776.735,-53.7,Parallel_RC,1300.0,47.0
7,660.116,-73.788,715.647,-57.423,Parallel_RC,1300.0,47.0
8,717.83,-76.875,657.401,-59.267,Parallel_RC,1300.0,47.0
9,718.914,-71.126,604.333,-61.8,Parallel_RC,1300.0,47.0
10,548.59,-95.732,535.67,-65.567,Parallel_RC,1300.0,47.0
11,576.869,-100.92,502.908,-66.584,Parallel_RC,1300.0,47.0
12,435.149,-100.684,455.282,-68.594,Parallel_RC,1300.0,47.0
13,496.422,-108.566,406.969,-70.182,Parallel_RC,1300.0,47.0
14,407.323,-119.137,361.496,-72.111,Parallel_RC,1300.0,47.0
0,1210.966,-20.42,1269.3,-19.968,Parallel_RC,1300.0,47.0
1,1067.998,-41.94,1180.716,-27.262,Parallel_RC,1300.0,47.0
2,1182.424,-42.541,1090.138,-33.757,Parallel_RC,1300.0,47.0
3,887.159,-57.514,999.491,-40.97,Parallel_RC,1300.0,47.0
4,845.665,-72.89,921.791,-46.498,Parallel_RC,1300.0,47.0
5,798.468,-79.202,842.256,-49.626,Parallel_RC,1300.0,47.0
6,682.702,-77.7,776.641,-53.724,Parallel_RC,1300.0,47.0
7,811.263,-88.646,715.743,-57.455,Parallel_RC,1300.0,47.0
8,714.818,-98.684,657.458,-59.307,Parallel_RC,1300.0,47.0
9,674.83,-93.568,604.402,-61.832,Parallel_RC,1300.0,47.0
10,505.49,-117.61,535.38,-65.619,Parallel_RC,1300.0,47.0
11,417.367,-113.926,502.822,-66.632,Parallel_RC,1300.0,47.0
12,486.88,-112.192,455.312,-68.638,Parallel_RC,1300.0,47.0
13,371.114,-119.388,406.933,-70.231,Parallel_RC,1300.0,47.0
14,403.259,-128.787,361.538,-72.167,Parallel_RC,1300.0,47.0
0,1218.82,-20.811,1268.953,-19.969,Parallel_RC,1300.0,47.0
1,1075.189,-40.432,1180.611,-27.276,Parallel_RC,1300.0,47.0
2,1180.521,-43.234,1090.229,-33.766,Parallel_RC,1300.0,47.0
3,900.697,-56.924,999.392,-40.986,Parallel_RC,1300.0,47.0
4,847.588,-70.921,921.717,-46.523,Parallel_RC,1300.0,47.0
5,795.883,-77.896,842.21,-49.654,Parallel_RC,1300.0,47.0
6,699.505,-77.443,776.564,-53.748,Parallel_RC,1300.0,47.0
7,794.645,-89.62,715.822,-57.486,Parallel_RC,1300.0,47.0
8,698.294,-98.208,657.499,-59.345,Parallel_RC,1300.0,47.0
9,667.582,-94.869,604.466,-61.865,Parallel_RC,1300.0,47.0
10,501.718,-115.189,535.4,-65.668,Parallel_RC,1300.0,47.0
11,430.635,-112.686,502.75,-66.678,Parallel_RC,1300.0,47.0
12,487.905,-114.75,455.345,-68.683,Parallel_RC,1300.0,47.0
13,383.627,-120.806,406.91,-70.281,Parallel_RC,1300.0,47.0
14,402.518,-130.977,361.579,-72.226,Parallel_RC,1300.0,47.0
0,1270.775,-20.191,1268.955,-19.969,Parallel_RC,1300.0,47.0
1,1189.91,-27.826,1180.619,-27.276,Parallel_RC,1300.0,47.0
2,1097.105,-33.406,1090.235,-33.766,Parallel_RC,1300.0,47.0
3,999.881,-39.19,999.393,-40.984,Parallel_RC,1300.0,47.0
4,920.8,-45.525,921.716,-46.522,Parallel_RC,1300.0,47.0
5,857.117,-49.529,842.225,-49.654,Parallel_RC,1300.0,47.0
6,758.802,-53.446,776.546,-53.747,Parallel_RC,1300.0,47.0
7,719.85,-57.694,715.825,-57.486,Parallel_RC,1300.0,47.0
8,643.123,-58.841,657.485,-59.345,Parallel_RC,1300.0,47.0
9,590.63,-61.551,604.452,-61.865,Parallel_RC,1300.0,47.0
10,529.685,-65.952,534.999,-65.669,Parallel_RC,1300.0,47.0
11,497.418,-64.996,502.745,-66.676,Parallel_RC,1300.0,47.0
12,450.298,-68.987,455.34,-68.683,Parallel_RC,1300.0,47.0
13,399.643,-68.406,406.902,-70.28,Parallel_RC,1300.0,47.0
14,367.388,-73.655,361.585,-72.228,Parallel_RC,1300.0,47.0
0,1286.665,-19.942,1268.972,-19.969,Parallel_RC,1300.0,47.0
1,1204.329,-28.959,1180.643,-27.278,Parallel_RC,1300.0,47.0
2,1115.69,-35.534,1090.261,-33.768,Parallel_RC,1300.0,47.0
3,1026.454,-42.176,999.42,-40.985,Parallel_RC,1300.0,47.0
4,928.119,-47.195,921.723,-46.523,Parallel_RC,1300.0,47.0
5,850.74,-51.424,842.233,-49.655,Parallel_RC,1300.0,47.0
6,795.749,-55.88,776.565,-53.749,Parallel_RC,1300.0,47.0
7,728.217,-58.156,715.837,-57.487,Parallel_RC,1300.0,47.0
8,670.983,-60.352,657.498,-59.346,Parallel_RC,1300.0,47.0
9,619.597,-63.67,604.467,-61.866,Parallel_RC,1300.0,47.0
10,547.133,-67.15,535.11,-65.67,Parallel_RC,1300.0,47.0
11,512.103,-68.586,502.754,-66.678,Parallel_RC,1300.0,47.0
12,455.851,-70.607,455.34,-68.685,Parallel_RC,1300.0,47.0
13,411.524,-72.939,406.907,-70.282,Parallel_RC,1300.0,47.0
14,372.135,-73.936,361.596,-72.229,Parallel_RC,1300.0,47.0
0,1284.909,-20.72,1268.988,-19.969,Parallel_RC,1300.0,47.0
1,1193.574,-28.606,1180.656,-27.279,Parallel_RC,1300.0,47.0
2,1108.747,-35.784,1090.279,-33.77,Parallel_RC,1300.0,47.0
3,1020.2,-41.775,999.441,-40.986,Parallel_RC,1300.0,47.0
4,919.126,-47.264,921.72,-46.523,Parallel_RC,1300.0,47.0
5,845.608,-51.466,842.237,-49.657,Parallel_RC,1300.0,47.0
6,792.754,-55.46,776.582,-53.75,Parallel_RC,1300.0,47.0
7,726.966,-58.166,715.848,-57.488,Parallel_RC,1300.0,47.0
8,669.619,-60.442,657.51,-59.347,Parallel_RC,1300.0,47.0
9,616.764,-63.317,604.479,-61.867,Parallel_RC,1300.0,47.0
10,540.8,-66.773,535.17,-65.671,Parallel_RC,1300.0,47.0
11,506.818,-68.162,502.758,-66.679,Parallel_RC,1300.0,47.0
12,452.715,-70.253,455.338,-68.687,Parallel_RC,1300.0,47.0
13,408.807,-72.857,406.909,-70.285,Parallel_RC,1300.0,47.0
14,370.477,-74.448,361.604,-72.232,Parallel_RC,1300.0,47.0
0,1262.322,-19.579,1268.982,-19.969,Parallel_RC,1300.0,47.0
1,1180.34,-27.878,1180.656,-27.28,Parallel_RC,1300.0,47.0
2,1095.276,-33.844,1090.284,-33.77,Parallel_RC,1300.0,47.0
3,986.495,-40.163,999.428,-40.985,Parallel_RC,1300.0,47.0
4,921.5,-46.188,921.719,-46.523,Parallel_RC,1300.0,47.0
5,842.66,-49.1,842.237,-49.657,Parallel_RC,1300.0,47.0
6,772.984,-53.146,776.578,-53.749,Parallel_RC,1300.0,47.0
7,714.205,-56.782,715.847,-57.487,Parallel_RC,1300.0,47.0
8,658.93,-59.86,657.511,-59.347,Parallel_RC,1300.0,47.0
9,603.84,-61.26,604.479,-61.867,Parallel_RC,1300.0,47.0
10,533.153,-64.837,535.15,-65.67,Parallel_RC,1300.0,47.0
11,502.605,-65.794,502.758,-66.678,Parallel_RC,1300.0,47.0
12,455.917,-67.939,455.338,-68.686,Parallel_RC,1300.0,47.0
13,405.443,-69.499,406.907,-70.284,Parallel_RC,1300.0,47.0
14,364.62,-71.676,361.607,-72.231,Parallel_RC,1300.0,47.0
0,1263.836,-18.628,1268.977,-19.968,Parallel_RC,1300.0,47.0
1,1124.342,-33.42,1180.599,-27.286,Parallel_RC,1300.0,47.0
2,1229.12,-40.493,1090.423,-33.776,Parallel_RC,1300.0,47.0
3,924.603,-45.513,999.353,-40.99,Parallel_RC,1300.0,47.0
4,880.728,-55.713,921.678,-46.532,Parallel_RC,1300.0,47.0
5,863.945,-62.385,842.259,-49.669,Parallel_RC,1300.0,47.0
6,873.32,-72.331,776.674,-53.768,Parallel_RC,1300.0,47.0
7,668.903,-71.939,715.8,-57.501,Parallel_RC,1300.0,47.0
8,746.692,-75.47,657.6,-59.362,Parallel_RC,1300.0,47.0
9,662.528,-73.619,604.537,-61.878,Parallel_RC,1300.0,47.0
10,541.616,-97.111,535.21,-65.702,Parallel_RC,1300.0,47.0
11,523.419,-102.133,502.779,-66.714,Parallel_RC,1300.0,47.0
12,412.265,-96.115,455.295,-68.714,Parallel_RC,1300.0,47.0
13,423.762,-104.16,406.924,-70.318,Parallel_RC,1300.0,47.0
14,408.391,-111.666,361.654,-72.271,Parallel_RC,1300.0,47.0
0,1267.518,-20.69,1268.975,-19.968,Parallel_RC,1300.0,47.0
1,1186.876,-29.295,1180.605,-27.288,Parallel_RC,1300.0,47.0
2,1097.236,-34.865,1090.43,-33.777,Parallel_RC,1300.0,47.0
3,989.641,-41.459,999.343,-40.99,Parallel_RC,1300.0,47.0
4,914.711,-47.24,921.671,-46.533,Parallel_RC,1300.0,47.0
5,841.855,-50.349,842.258,-49.67,Parallel_RC,1300.0,47.0
6,771.107,-54.851,776.669,-53.769,Parallel_RC,1300.0,47.0
7,714.399,-58.114,715.798,-57.502,Parallel_RC,1300.0,47.0
8,655.9,-60.333,657.598,-59.363,Parallel_RC,1300.0,47.0
9,601.835,-62.603,604.534,-61.879,Parallel_RC,1300.0,47.0
10,529.617,-66.483,535.16,-65.702,Parallel_RC,1300.0,47.0
11,502.715,-67.679,502.779,-66.715,Parallel_RC,1300.0,47.0
12,456.54,-70.401,455.296,-68.715,Parallel_RC,1300.0,47.0
13,404.152,-72.575,406.921,-70.32,Parallel_RC,1300.0,47.0
14,361.17,-74.27,361.654,-72.272,Parallel_RC,1300.0,47.0
0,1267.689,-22.716,1268.974,-19.97,Parallel_RC,1300.0,47.0
1,1263.818,-30.195,1180.689,-27.291,Parallel_RC,1300.0,47.0
2,1174.642,-44.56,1090.514,-33.788,Parallel_RC,1300.0,47.0
3,975.654,-42.971,999.32,-40.992,Parallel_RC,1300.0,47.0
4,850.232,-52.384,921.6,-46.539,Parallel_RC,1300.0,47.0
5,876.766,-62.822,842.293,-49.683,Parallel_RC,1300.0,47.0
6,879.599,-71.864,776.772,-53.787,Parallel_RC,1300.0,47.0
7,646.229,-69.718,715.729,-57.514,Parallel_RC,1300.0,47.0
8,740.494,-68.551,657.68,-59.373,Parallel_RC,1300.0,47.0
9,578.62,-75.728,604.507,-61.893,Parallel_RC,1300.0,47.0
10,527.705,-85.404,535.9,-65.722,Parallel_RC,1300.0,47.0
11,604.889,-88.538,502.881,-66.737,Parallel_RC,1300.0,47.0
12,591.288,-91.46,455.432,-68.738,Parallel_RC,1300.0,47.0
13,376.266,-88.223,406.891,-70.338,Parallel_RC,1300.0,47.0
14,388.821,-94.47,361.681,-72.294,Parallel_RC,1300.0,47.0
0,1273.1,-19.609,1268.978,-19.97,Parallel_RC,1300.0,47.0
1,1173.719,-27.671,1180.682,-27.291,Parallel_RC,1300.0,47.0
2,1098.167,-33.669,1090.522,-33.788,Parallel_RC,1300.0,47.0
3,990.462,-40.287,999.311,-40.991,Parallel_RC,1300.0,47.0
4,914.933,-45.904,921.593,-46.538,Parallel_RC,1300.0,47.0
5,843.446,-49.245,842.294,-49.683,Parallel_RC,1300.0,47.0
6,778.86,-53.242,776.773,-53.787,Parallel_RC,1300.0,47.0
7,718.43,-56.553,715.731,-57.513,Parallel_RC,1300.0,47.0
8,661.299,-59.138,657.684,-59.372,Parallel_RC,1300.0,47.0
9,607.818,-61.493,604.511,-61.892,Parallel_RC,1300.0,47.0
10,539.467,-64.705,535.13,-65.721,Parallel_RC,1300.0,47.0
11,504.205,-66.84,502.882,-66.736,Parallel_RC,1300.0,47.0
12,454.876,-68.303,455.432,-68.737,Parallel_RC,1300.0,47.0
13,407.112,-69.91,406.891,-70.338,Parallel_RC,1300.0,47.0
14,365.196,-72.18,361.684,-72.294,Parallel_RC,1300.0,47.0
0,1276.76,-23.609,1268.985,-19.974,Parallel_RC,1300.0,47.0
1,1162.667,-31.385,1180.664,-27.295,Parallel_RC,1300.0,47.0
2,1107.949,-39.334,1090.539,-33.793,Parallel_RC,1300.0,47.0
3,1087.614,-48.22,999.399,-40.998,Parallel_RC,1300.0,47.0
4,912.71,-57.498,921.584,-46.549,Parallel_RC,1300.0,47.0
5,858.227,-53.659,842.31,-49.687,Parallel_RC,1300.0,47.0
6,755.669,-60.395,776.752,-53.793,Parallel_RC,1300.0,47.0
7,769.666,-65.47,715.785,-57.521,Parallel_RC,1300.0,47.0
8,668.646,-70.917,657.695,-59.384,Parallel_RC,1300.0,47.0
9,658.783,-79.488,604.565,-61.91,Parallel_RC,1300.0,47.0
10,520.4,-76.386,534.998,-65.732,Parallel_RC,1300.0,47.0
11,514.152,-84.579,502.893,-66.754,Parallel_RC,1300.0,47.0
12,437.528,-88.163,455.414,-68.757,Parallel_RC,1300.0,47.0
13,430.431,-93.651,406.915,-70.361,Parallel_RC,1300.0,47.0
14,410.994,-100.367,361.734,-72.322,Parallel_RC,1300.0,47.0
